0,jMHNKzyIWmwKbdHTKz77_3g7veVQwPQknCSKwQxevrKnLZg
2,bto-CIU2BZSzJdoy2p--KabIVPxIrQjdA14iRD5j-JnSdF8
4,dOp2QZ6ouuj32GDUxlXgI-otn5p_JelQV081P0OtO_GxbyA
6,GIUlKbWDBrOyeZDpTAvqS0mH1tVvOnNHBFLG2vjM6KIY-hg
7,bIlXn-7FJ3_P78cjOy_qWCX3VuFsxjlWcHVQtbZr4BJYaT4
9,aWnq06e1kIw2xK0Y5ib2Yk76W2Kku6WALfY2RlJWm1Lf8ZY
10,pZpvuAtJv3Jc_0WaYhd9oNZE-IQPdtiFQ9sWbTKLgiEn3hU
11,R7htzTVeAZMRPWqvJTk-cIKL19aKDSr4AKP5eIbAhsX5ewc
13,4wf5nKUxyBmjXSQ0wQyjzV0bsjmy22kZ4XQDOBVlSBXePRs3
14,4AyKVnHEx-OCq0faVB8sxPtHnS1Vn2YcaX06JbZIWLRtcZQ
16,sWqx_Qs7JRY2A0sdUKPlw_ZoIgjQ1nPV8XOc-ATRGAZkgP4l
17,O-dljLldDiqa-MUr2SEDWfszFd668c4UIYk2RgKNj4fpxr8
19,TCjrWUSyCduLtGwvKcBPW6WIn54s4rC3_TnCO5zzIfmmVaI
21,vYVIja7CN2Diin2yyCz0SncI6hrYnQkPS9ZzJMy52OJ9Bfg
22,04c0OyANxE7w8guuGC2CG8F3npWz99nUU_RJ4lePuUgk_wc
23,Np31Mmm9kEmhAVybgSLP2KiAI_N-1POdWLyhhgfyLwhjqQE
24,f5e_kWxOfsNZ309AMWfmhH6te9CnAkRxooidyU0U13dkheY
25,KKyxxDnot_pUw2gZoXefl3wzaC6cbMAOrZpnBwALqpyYY0-h
26,qEMVmvCfLHzjWjD6i8NO328fyXuy4eUh_HjCNkvehC0RRQQ
30,8mZh-og_36XImmkqMURq6RsxUvH-ebpaZCjbeRgPbSvo
31,bh2I4u4ENogHfuSVea3FTxEucjscAqjBVxsW1-9P86yQymE
32,IFWIkflRd1cFcOlFKkApOk8_OsblAevOO7LhQPKWoKdSj84S
33,4OV1nDrFPk_dMpeFDUhMUj3WiyR_SBGVcx320PtXWneNpyoQ
35,5bMRn-baL4bsLe9KtidSagjSCWUe5dWDskcATQbzZB4pyCHZ
38,xVtWsGTNClZCUWr3SRSmA7YM8nvbp_NDeHqIiVj_sfUvwV3f
39,mWs84SMozh_ZTtnFpLCxbVg4ufBWsCGFFWB8uFcZJ-dPrN8
42,P0OnOZphcOdJnbWenDqm90JC98wWXgkT_4t_GrD_EiSSy1s
44,pbM5TbSK9GdWoCpjUbeXZnEAD82zh6FdqH2O99skbBi3AXI
46,bSZ-_R0_XllrHldnXO3xKbAtwqH0_Wdt5jcQM6wosDDWtnM
47,GBwZMyriX8uaucJ2TUSa13z3UWKo9VYUFMDTQyrNkm5aKTc
50,s49smkWUZ-qXoL3eqxV6wRIg4fBrCeMOuxv7VSV-35iFOmFL
53,TygrN-oWq2XjiBff-7OPKnoI1hGyIjuBrptSUjAw4wfQIZ4
54,veXiBSP3aie5Ryq4qBDAqrukGvJiFSnwMdKKvzE5uCf1
55,FAbzLjHl3MHr6N1zf44B3g-9B84syz9DO2l_gC2LxFHJhAA
57,D22lQwYHXGAVQaAg_aIC1lvea9Sq7Z-VJyAyCEWz6H0QOG9v
58,DhqjvzlHC4_lY3uxj-BenrjxHh-BXhAPQH5iEEroHv5QK4A
60,TBEdJh3pBaLYefOg9DmHhF9Y4Clw-G49i-_LxKxLTNm0_Cs
62,7dvLzSDVAvk31WqVQeLGa7d4CLNYv41N8Jkq4W7sCe3mwTQ
63,o5YPhaSu3LsSNHpYx6jm934YXO5TcASvTr7LE4uNlNpeRLA
64,kwFWqft7azjl6BlXxaVbpFJSBsjdAEvkiBRFGo-eSvAR_xs
65,x_kaAb7oymMoFFy_HBaRc_de6fUA16E8axxztT1PDQ
66,XVKoW8LOGfBc2sZ5B6TcOJXNz20uJfdzwxWyjLL4KuWi8zo
68,R70WHjlc7jznopWpN_RSMHCWfVnn6Jr7DmWbTvtbGomQUiDU
69,Ygpireh4PNWLz2C1TgJHTf3XUWMGhLUWBVK4lU4vu_6m5dw
70,lJgwflX971PUaEVa5FaERPCHDORt-iipQC7iK2MGUWcV8VU
73,pqNRyTpFpsPnlzbpruW01BbLP4MYEsPtq2i2fOECz-XX8XQ
74,TxedsaPT20ZgLpdh0VllYwb5DpXk_EXwLTFyqVDI2EQkpWk
76,m7MRkTpTIQdRhV20ykrVSLuUxgVhX4i7e4V0wi-l4J3AZ88
77,pwWH-qCixzLw2WEwOi7hU9UkdYYg9GBKEGAPspjmkc1nhLc
79,oIABSzy5zimTha3JI0F3EqWRL-3daRZnky7Gvw_71R-ae3Q
80,GLrPy08o5j4J-7b7UX_9kgKpWhAEemBPMnZyxoxazIKIjhs
82,H_HZvs-vcQ888CEGW-_81jevMhaE7DPPZf1md3652NFMhYs
83,XVoufG7iaX4tgKnMK9VtW_ViuvDeNLW58Fclu2FX4gfixAk
85,CZbC9F0x4W-fxKr3xnf_CUaX0fKVZyoWV8OdH8xOKokMQp8
87,mjgjEMrWGKmzOR9CjY8qQmTPRbS6_kq08ApEq-Xyw88FyIs
92,g_Dz1oVEzv63nPHYbqQAUhKJjNhQ3y_H6oIcA1J9WL4-
93,4ZSGx1Wh-PzEJH9C1tIzRXUf2rSAOjAm92_jFbo-oxyWQMI
94,zSmSvy6jAD0TlToe0RZXGU8BBCj-RLFan0eS2xxQl4iFaatg
95,7QxLYqT436waGJP_UHTXvvvht1lIw1bEHy5JKShgybc
96,NGwRtf8MAIkHZ-SmOMpIz-JNk9YLA92sS_0A2o547qpEt0E
97,xPs1SnFuxZZmZ3xKla3MpkwNJqqxCo55xTNoQqRHdrekYec
98,YPQSTWKgXme9gze-ivn2soC-UfufB2s8-mHD8EJUZBfw8N0
99,rfQXx0JpRWTespzEzDHehDWmJCFnAYNi5BGmIdxJ6rYvgOLS
100,NjfvMgRxKEpjYiJqN39i2hs_5CDQfQdzkc8E4zoZT7Vwj5U
101,OuawhOlkMgcZRYI333QqkUbyEINxWC0ThOrwKmlgMXcvTzc
102,jW5zW0AhpQIYo7AEpH3t1WJeOA1pfi1MKlIgZz3-8Yr1XkY
104,4hPzXPnD_cxOdVNzEiX6XxtbAhEXYYiPM28H1I91PB6-VSQ
105,CkFPqFO5VFz3B0jBitKSxnA7SmMIrJKgawI13LlcIiiRmuc
106,IfKw0Gq2fFEHka5a62UZBOJZM0GcTSubxO3XVM_BeAXWkLU
108,f0-0gStC5HPFyQUOTwqLRVEkXARY9voK3q35VmjHQBwljJ8
109,YR4wHPlVcGAAhBvPoHHNYZFyfA526PqKIhDhODmFBhZKvWo
110,z3Gah8ZdH95eO2mbxwu7wwQPXDGlzQipa-g5SAZoWlcphCiU
111,QzSvOYyOF5dU21DOc__WRRZ3kKYQK1NoLWRrb2HWk4sLvAw
112,MrDyUQmna9spbtCIth-AvxKfeRQnQhKgQSaBovlXGjlzVBs
114,PfhPRnpYVE1bB7B_LUq1xT4Fih263cCUvspAuiQncl2Mlhs
118,BnpPEdQcJ4kkS7uOzh-FD-4NO3xeopg9LO3gpuDgfQiUtqg
120,eUeam4XbYNN5GAGhhvVAPGa9VWFegXVJsaFHZTYZidGo0YU
121,W_1oDzSkWJYidUGDY1eZOx3uZv93J1y6C95_vz-P_oIRJFw
122,U65q50lyRNgMTv-1qOnscdAr-8QJrwmMxYlu82lt_Xs3-80
123,h_g4gcvEXvDIXgKZiE_1IwVGa_XRaZuQZBSvbjsG5s8QaFg
125,OcWHW8COKJws4eL_o_H4vA9fQFSZPlGAeisjlZS0iqp_Zg8
126,oOJ4UJF9qNZr4kf4yhWqqci1c8vxXxn35EgyYMbTFJ4UBJc
129,afUk9XKT4cI2D9DY3H3Utvu9mpUBsa8KVYqH_WjC68Wc
131,75nIzPaY6dgm-wXXQmKOjIB2GZanwDWKkAdmn7euXrj-95E
132,CTw51MlkNiEo5UfQnyBgjQY0yhUPWJMqakPa7r6LOxdK560
133,Wry1fdXLkB3576fpygTkvMFSgKbZeRfhEu7BMAWl07sLYTA
134,vw7fCbL7ezKSiI36R56TxmrnU_-EI8yWP-lnkglYL4lQ
135,OPn2wYox1fiyEPWSrNXezFfJroarqNRRic5x14RlIZ5T3vU
136,4Jhg0E2_VXqgqDzhnRHJCNjQCiKemp07IqFybtLscDcrJ10
137,ASE_CUqreSY8Yjgb-NKOik2UXelPN2_zs2Yx6FmMjtAXq9om
138,HHq9PEuCG3SA8vt2t5x0T0a8rWgS3zSJ_B_wcasGqGNEQc5k
139,PzdvpWH4ClOiouhuG5IB9ASKgo0SiBSsMfu8u-W2M0lRZbIV
140,6qwU9RxpvpvZq3heOCxmCMajMlj2Zfs5MI0v58Sjc-BV1rA
141,d-NHDDKtxCku4lgt7697SeVS2jalm61BM22_MTKbc2-0m6Dy
144,xEizF6CGVPBjZxENf5bzWy21tmatHKtN0-kK1HDdYB-f88g
145,sW9YHyzv8LDkFZNeAGGhecItxEU8rPiapzuhCOd2OEwGCXQ
146,hAdLHSmixqYqJCq7bzeEOpFgB7t_PbR2bLJzF3PQVB0QXqU
148,ZpVfRYCaimU2f2j9AufplDCJ0K8f36FjxCodT7eITmV5s9o
150,4G7Yh0c6NfPIf2qP_gXIk9XzpRmZJBo8HCYtcljUAFYK1kg
151,KztDemyn412kPB9zyi3V4uhKWGDGWgcCM6nCwGh3ZGXxEwg
152,wn-JABZ5fvDgA_FVAI3MaQpij7Hrct6Kz21JhFmFZZ3EKmI
156,K6zWAELEt8fHMkHng81F_wPk5ZgCsKv3CQESxIGhAWLJEPI
158,RcmqbfPPsz0kzdcVA2x7_CJduAJBTIpoz1DLHvIZ1BjozRU
160,3ovgfWW005eaAOEogFwDPMAcMNL3ke95wXDLEfCOl7uq
162,XjlYWXqYggrM-bXlevQXdLT2nCEshDrz1xT01RI57VHvYWqC
164,Tc_HxbV7e-k8k9Zz_LXYyH9VX8_3FA5yTFWwPHEgN_rPG6So
165,_leu5dWwGBIACgwU7nH5k_qQv9a3c07RJ0cQSagLqn8ZqgE
166,VxbGz98F-EZ8CcfDVTU9RrjPITNxJc5svagt7N-cIlm7xQQ
167,4rT764u4DtqnkrCLhUNhqcEYqWT2PQ8_Xuq4BlWowkZOvAQ
169,MXVWf3BruRk9KkmfoPTO5SECajq_iTY_21LDab-fP-yfaz0O
170,UN8aan3EL9hOOOvo0UuOPwGpbg2Wfr2c0z7NjrlDLop3-No
171,1A-Rum0iFroGQRqVjGX90z45rq62pAFP_jWuZkU90kmIZGw
174,JhqU1uGkP-2N96rN3DiC3iSXzGSDnO2MCvq61apmBQA
178,TMdmRtqa2QQtlFCnrDrqVrAh9rV2x2R5ZF4_y1ApvWpd7SQ
179,DKTO9cc_543FrwvFpepY2k5ir7HPACqoXzyFyxsAgN-YUuM
180,plmH3veI7Bj9bkfxjAcQDVSQ8KYRSVb9HOBD2Rq3cUBTCDg
181,Sv6YRNCg5o6bIEmAoSKgvYovO0XmIvmwzemAV9RZVR-mQLkf
182,i5UZetHU19VBjzACorbOuKPb-IZeUxAG4SsxeU_wmQ74dEk
183,lUGz_UEEIgIHGP1spvrRgASCHnQCBAGF8agWWxFxlKnk2Oo
184,nhTYu3Mcv5qg0-9Sz6wh-CB_EWNBk0gp2QfV6B7u3NoWL6cE
185,hOUim18x2r5h2WOMjWZd61yOafXdSMd0uMmD4tC8XrXi3e4
187,5zJVhgc6YU79PIvc1r4xbaH5tf0Tb2_7qlqmhSzp5c_F7nA
188,qnBvdPLhnqabLyxJFHcIU5KmXMcz7jHTOu5CmN7zxgfH2gw
189,DSvO5VHx6rHK9q9w_m2i84Dp0y01RFHJOrP28uhkMFN2D7M
190,AtOhmDZrZyOmFIsd2fIgKM_ebrK-E33cOapqtmi9LXeTYLY
191,GPhh9ES1gK3JsvjtlntHnmCvOiJkzzu8b_CrGk5d27WwO6U
195,LY4tS-IPHosKetCRxEExe5s4xkl6dqMpgSLh7wLuYQUALlk
196,FwWehZbr3bTyCfbqyKj0SEPwy9IRv1aUoubhfVK53P8kvJE
197,w-GMAOv6CKuSxDgSaJjonos1wKylxyGIoPDI485GWpOp
198,8eyoHs9k-9dhAUZR6msR_rjoc7gPg1i9FrRHgBSFpZtKp4I
199,ZQooHSYexpFMfACdiLoLTFlUM_DPFUjBULn_vr_Hwgljagg
200,cWi2DHDXaB4XcGntXFfUEOuV_CimUUkUp_w8ndEJgPHSw1mE
201,NNkqXi8U1kth_3QRTieEmXUukzWpXui3FODncPNoTMotAj1S
202,480oR4DIzqODCOUq8OF5ju3hQaXjeh3lB_5_MWrfNSqo1zHSzO507XRzBg
203,tmm-z79iwizdOd0SaS2cJsiQ0eDqwQnPQciYLzRYl0K-GrAw
205,GvXS0EqRTWAg5sFYKE0XUGBsoNPP6VXmN3J6PZ__n65-SfA
206,ki9SaGCFzFEVs7tvZZ_SaHvbgFJkoIFvreV-keNvzHf0dg0
208,jAmp-TKiV0EOQ47yFaXiH6Z_8Du3rVZmFzjEAOFOsKK7UnHz
210,josMsOaWuoy_YVWhabS7p1OV1Rz_m3Wz_U7SaKvSSEIjp8Q
213,csdtHuSWgFLAQsl5L7ALi3ZnF_rTxV0JuyIHOWIe44XSKv2L
214,fu5JUvcjWUMgsJwRVMu5VdsxV7v4I7oA1OPasiRNIx4sLFM
217,rCisVwYSOidZ8MwB0QFx3sCajSQwQ677wxkrqtSFdW0I
218,DiRi-cImYqRs3cKHVJQ10IE4Ze535e4CSYg71RuPz_5YMf0
219,7DSt93bj59Yh0-dvVcXdpOvhqtB4LBPgjuHAEpZde_cpA6c
220,f_tCRy175Bb10PTBW28inmY8Hq4wyN9yi_zao_P1SRPjvrI
221,uLcM_p2khQlgBLq0I0NW1j7GUx0AJKJk4hryhPaHxeEDrbQ
226,KNR6yr1rSbts4NHJvrj4Xmh6Z3gr_wINX8wPayfWOptiX0eC
227,ngZjsH7DbJBc3GirfvNhZ1IELxDZ487cXpJ0CGFdkf4
230,ZmWokMYRMQq4vXtnKuAElKdm-w7BmysAhfIRFYg7mXSZBhw
231,jA8v_zun_Xs4CGZdfbsUS3rLP_MwtCjzUH6kPTt2_RCOEQE
232,wFa5vcmLoHJAPjbn2iy9d1WDSsf1Smn1i2BTbusRW4YL9ug
233,_x2di5V51LOBJNFmpSyK5oCT_YQUv5Z_beRIGRIV6ViskB8
234,rJav5xPOfBwNtMQKQ_iTXkkmhFprMnXc-aF8U16WhryI2s0
235,IT_hRNgNyVqMY7AptPv8DcIQU6E2GlNxWQKmulOw-ivEa4g
236,2AHWDT2uyQnZqP2Hd4sqir6Z7DQVFmqxWvapbslEhbCyu-lX
237,zZKrr_T7yR635C7NwhfIzMJjyeNQHFAfZOkJMZ6hb55-wL8
238,6s1YOONbwpCUVexEnM5GGs4t8AWuPRxJrj_-SHMNddZAyaw
240,v7HzkMvaDhbZhqjYYdD9QOAaRLAuUC4RHWytAb7K6TJovJU
241,4wnL_LRN7QQjA1dAvOeeIqrSnZ9bwe3636PbpfWe8sXC1As
242,8Xx3UicmCg6iJcd452zSns6AduHnHf8uNO1CNmo6lLGF
243,V3XM20B7NiVDs9VtIf4uSt1BrZyG4f3WDoIVJaU8-4LeMcg
244,ByzpRY-rB9sErCFYdbRTw1RK_9gp6qWoxo1pT-OoiOupBPc
246,xmg8PvcOS2UWGe7N12FMS9OD6_tT2Y01Hkpql75zGctrocM
247,N914SMv18US88Vhy0fiTki3WL_RufajAQPz1we5ybrQ9rbh5
248,QBnASESFMRlPcVmUBbM5PaChdeqXqLTIWlQUt3H8KlUl3wM
249,g3JhyDPfs5VW99BQziu3VRWFexCHt4uKMIY0auGdbPuOgvd6
250,O1lX8miMucHGjSa4CWq6FpGyZedRNyhNHH4fRn7N-CqYZqw
251,w0fPUUNNTvm4_h-MVjI2BJroBofSM32eO7n-ILHckBU43NY
252,HQIBE9bwLlp1Xt_goyppRDH514bwN4g5aStncOq1AM2bommY
254,HaVrmXrfKRh0w7nxNTGRKUrpIjQPd87_e9eiFfyeKf2p5g8
256,4PzjAO4KpegxP5kxaeHMBdOnkG2d7qZ9OMQPOdth9DBKfE2U
257,3Kq2NxiuhN6GP1IRfMAJrz9wYBu2UGDzyQB1REredDzp7jI
259,ORr1HvjdmupdsWq513zMicymb-J43kcNYejctBl084x-jAg
261,jCOE7WcJD9KK9u6XCwDO1ymxheUvqnMrX73NNXBfHzujqRA
262,xcEBb25VsYJjOvY7CJRjh1bCE9EsuLvdDnTfhV1lhoh3
263,q0AJCiS6DVFOk6MashSdOsUcAHJxZcLG0VBe8r9mX7dgIf0
264,uUK1sBaIfa8m24Izvki6LE9Sd5FwXkc8vr1Lt07oRF_iaRMBaS5Pozr59Q
265,IQEvAVY2qbrqyGhbK8foqbndxkU0bmTnWz5felRmuh5r1Og
266,F15PTtcpVECb0W4aZf2ceWB1Ftlp8xucVkFGqatCHwc3DcI
268,xTHVvBifuOqB1LRi-OD4h0jqNRL3H3e0jZacM06A2BW8irM
269,jBVgxf7WYCw7OtnhvBPgA5TDJmkGrBni5d3UBZYj37lWSWf-
270,76Gd2ZaXoxm-LCuS8ypgXnL8WyXrUhJfKmTvZuQJo91brbE
271,kodwS5tDj9PuxQcoxugmPq6R_sWK9Szj7AMTqonJIfzGiw8
273,_YBB_w4p_O9QSnkmnqp1mGOMtK67zXVVq41XUrjTRLd569g
274,TRas_NLNcJa1dJRIpx9tPEzkebMkQZl98SiKMSfqWas5loVX
275,wWLYEboKKs2OZGMBIyZmanxtE3FrhDUWAdrpFML38bfevXo
276,PtbmiBN_yveJ3qImplmc9T9cdKME6G0vxUA0pTfEPfbNShE
277,l5WhMrDfmOAyfgV8XXjXFb-X5Q3l3fB_su8vEAG2p-wRzRQ
280,m-iO9xL1QUmUfuj8dD1da-bny5_-pFzFfutEZF_i6xEWx34
281,BUIlRC4CZNwdkm0uP5NxL-IFm9phwQ6PAuBbGxCmebILYOTB
282,N-eUSXXBu4WT6cHcJLqN_uLXTUxmNMQ83HG4I_Otu9QW
284,xkidcFR-kgIi4uvTtLLlXV7JvFIaL_sQZPsSUUV8ssrNI9Uo
285,aULFGPztLeHzSFXCJTH0_CPgUOORrVd4A9-YZEdGE10b-Us
286,znY484p_VxO68jmyoWe52pFTjs-Y2kvuWmFD_kt5ZSMX1Lw
287,t7T9mVHbuSF4_deJFhTaaOUNdhSAVqkflS7xb6lCha4-C78
288,IwCHF7xmrERQMSSVBEH3NO1pwE6aToWCWuoukGZgPuRDO4c
289,QdvSjpNIJpD851dtUPqNB6zZmAFMWhjhrR_SNroeJJMdf4o
290,t6SvB4R37itqUQjcj7lNpg0r1nxKUeDp3BRkkCOfrYJhCphD
293,u29zNQoCSDCKg9GIOv0jeF9QEaauL7B8cZEoHZAtxRx-u7I
294,4L_96I_0Ft5sWUezaAezuZ8q-gN4eAQTC9JpYvGqaKbu7tI
295,2DEoinVUVuf8A8YV9niaaiKsHp8RFqEeNXCA9AqcsyY9V0E
296,ZC4O_fJm7IaPE6bcb6PklHNnbQMRDsJejDUu1bWOfEXoXj8
297,vE639A_2XGgZ5fdQPnVzW4TZW0kGIW9NddPgUJ0Ks8rp2jc
298,W2iAFZqUN6M0X8zApO-ZTqaWUPRofs5lAgRxHtUtiqTDq34
299,JuI8BTvnx1A13GK5BlPlOSjpw1crd39a3_V02nsjeKmyQsc
301,ivYPqmFkVsUdxMr4B4tTQgn9fv9Wzd5mlRVRRqkYM8Q3nR4
303,vpdvmlLJS-tatgsdFTkKRtMSoCcUx2D6XJUPFNtNshWkgbU
305,XOQCQR451f46pQ6U_0P_CrCL-feKjpEOnOW0-CfcvISaOz4
307,K2ARKJTXrrp_Euu5Q1InszO8vMHsMKt2FMsJiOoY_8BbRbc
308,9nTapX-y7ilNv4kw7Xq2RpX2SdpdWucrgiFusMLBPiNfXlo
309,9JCzXIAMg1YbzLvMH9U_2IWWFG0ZrPbgGJFIPKMp81QK7Qc
310,C2c5_TCBHweeDPqCc0q6HuaEkhmhU69aH_yy8TeEpjMB
311,rtyctnjhf-0Tsh1X5S8cnXCxKTcxuWbj0WPY-rX2zqHRi5k
313,wkPwHlHXTjPonlCUJc4QEXBVMdqalnuoHeE4NybEg81beZvu
314,n4_5xOzNdOjCv0f7KqFTlvdLbyQnYVi3_hgAlXdSH7eZPv4
315,iI9Z_Pk2XZQul63gLfVtKWw-0cwKkTqqMw1KJcAHwfqTrHs
317,1XkKBXOiwBQpcttbj2dzG8N4LOM5kAq2kkpe_40nM8Egzh8
318,Vm2m5PBKw1HGNCq-O2zknAb70xtAoCgTpkZjO7yoDeD1FBw
319,Yts-O5QJrUam8pMupR5nYsAQNjrSxuORe03YzEkNH9DCVIc
320,0A1iNhxUKzZv6oix-AwHY2EoIa4R2btvuctufUZh2901p9y5
321,5nZMrAEBO4eaFHpNE_CC32g6nVzKAlO00NSMsmHOdKoeK64
323,tSzkh6-vX4FKXlPbaCzPurxjpxCAO8uwpfwDb5m6_YR2JmI
324,m0em9Pr4BAn0GeQoTBXmRQx_oLT66DfS924Ej3vaG9MMljg
325,d7tawpVHNeP_stOaR2VZuJfB8RnbHEaiN7Gq-NRHUuniED8
326,vdNJLlt01do4F_uBCopQ1pJrHH2zzaZ-1sINcHlnWUY
327,w_HU9tNhgFk6otetcUYWRLTREAXtMX_uA7Q5XfOsO3_LeUs
328,syrAExHmin6JwbXQye5D9qUbrtbT1-9gv2VjT6YxMK0Et44
329,vOtVoFpFcl05vDvX5wxxjPbxVSckSLNXcGA8O9mllKMPDFeZ
330,fdDZch2-327aJGNkhvjT9wpgCD2SyMB_Dee7aSCszd03QLs
332,sQq9v_-tjtBKkcxGuTPP9HIT-REmDbiCg3QNRDxSol33QpQ
334,yjK2eqUy-HjUXDC_wHOe_2dypovDFGj2HOwWLUZXBZffvtu9
335,_ky7pVD_zq6ALudE3usIcGXTxyov_ywgTLO1O1HAlk2SmekXiOd0KoOqiw
336,GFM6vG1okrlu1Y8tWAsWwBE50mSfpZgRynNv4lr0U5DL
337,13565ytYPvtyxaJx4xy6HzUbpYsASnXLp-nb5AfrcHRzhdw
338,F5D0PMrSV7WMO6ToS82pXIo7y25i_YsKEqWqBvoGfRaIM-Y
339,jkM9UvY8CLDg16-yIEd-pWEYOCZgm_1al0y2_SzpXpjCu4w
340,080lwOGfy5OV-O0B6GZe1iPABtygrxKzbDZmb9zXHECqhtPw
341,ZP7vlcOABOjFC5TaesV0Tx_sqv4vuYQ2bf-Q7kpGCs-kJFM
342,iMrKC6n8MEIdT17gytvcca3m3FYW85QVv8D1bI6cZbgHEWs
343,VULRQKb16Cw-TdIpcZnUunA0-EUK63UhkHieZJvTotks56Y
344,hsA_oq27eSQKYH7hjdMysf4wiLc9WJfi4aZfFvB30tkhDPI
345,C8HtbfBYILWW_Sm1a-Bd2W2ozilr9cC_bbFs1a7JH2SAucs
346,yePAKefrt42fxi5noICyNV4VsCqJ0YZBZQfvJdF7zz6_6D0
347,zvgdz1g9Ip8_xP7vIqeCxyFnML5UFKQicMqm5dGIne1UsPc
348,7V5DG3_qPhTQX_igcaEwg3Ew_RYXm8_yVrAhYcB9APc
349,DTMkqx_YreUShLgLKFrd0y-pLsDPXMV1-GfeTR6wzE_AaAQ
351,uAUZEvs3fA44CwOwpBjBSs2srVm8XPEtqfHVsbk_h5hPq58
352,99kprQTg0RTgaoRzCap_4-V51TXRvF-RBvAdodZaH-Wr
356,AroNoj6nBYEPY3qPHuCG0UE617zflAGfWcuVF2jdZeO5kBk
357,WqEiLOi7l4pEJsRSb7hfPWpB0xTaZumXJ1NjNBYZaDI8Sto
358,8_tZg6IrzQ0m0uBHCe1WjMTg88MFmnk2I_J88xgiymy1lDs
360,gSOXXicq-M5sQ8cBp2g_MRK8Rug41rqdfS8TgICgCUm6wGw
361,AK6hrGMYfO5SqjKx4flw7d7Nc4DE6ixeMUeb7yn9-MWXbdQ
362,GOfas_dTMgr8wlUWonV7p8xpjQfv8cFlkAmr24Bb0S-bMSE
363,w2ulyOf_nzJlTIiGCLl0lFplpJeV0exGdQoxVjy8b_cUNK4
364,ttZq79Ez0s9L81KkudCoSTuzH2T6L1PKXltGthqAoF5G-wo
365,kjRVtZrQ3gbhvimuCUijr2Xnnqztj7HQtD8VeDaTq-_j2xyv
366,hi4PFpylmkNGAH7klXpTdRniE3phRzIeiKzJPJYmrgc2X4la
367,aCuSTqESoJMkUA8WJLhSVzQfxETC5A_-IpcyGEzBwp9ky5g
368,IsU6QfLwVse-lVu1a5yBG20Sks_v7rZyfNTs3rvfjqJBEhxe
369,IJ5UmS46ruazqBUYiIAhXx_UgzokM9cUqlIrFn2kdHvvrfE
370,JDK61SKr2-OX_OLxoJNaYdfyNAdG8jr5D_6pDsQBKw47Y84r
371,PZpWmbk-tBrwrSpvQhk_d-I7vmzDfF2o8bnE5Ibd5mRkvKs
373,YT64uCaRZrl933r5UsucUoFNBLX4F2JmSgEiwWT7k5_alN0
375,5OmzxipF1bMfQbNxm6xldgvqq7WnG6HaHHK-EWBwuNFpcwA
376,mMaOKLEoZRKXQal9gDY7VzemZROho_TdYdYE2U6xZzbDcyQW
377,sSsODSoFva8nOedOpinfRHmG_rkV9WQZNpCwHEkj5lHWSK8
378,oDkhUIZD-9u9Eb1jLxjWn14ekwemZ0BDDnR8o7Gq101CIrQ
380,0iiwlaxtuZDV4x5ka8oEaesQVHjCuna4v641F2hszghqiUUE
381,Ed7dR0KIeNhQhdzV7aUrL6hXBMKT2VtMEJ443ofOQEf4l_Q
382,LD5s-f6VZr705C_96ePXjDyeNOnMuPy50J-3i6fVWnvRZZc
383,qDnQ86X8VQNdwAkbxmIBhHsFHwFDR_hOjT-xCvo7isQrNNW5
384,mufPprO2R0ZbthqQbH2WI0Vj57lp7OfySpi-z_BAl41ZPPA
385,DAG3zbkNWKDxQPsqK0nn3KA0ZEf6KndZJbTLwmR46CCO71Pa
387,uj1tzBHm3uWbVEhAPvopiX4JoR3QHV4QhWzWf6ZXt65suLs
388,FFIUA6fgxjnt1enk_Z2gkWbUdk0USATlH_8RsMT9Zpc
391,cmi5Bbyg5RGPnt0XenOLpvdWxrSWAMhyRIzAkVjQsRfkmcI
393,v5mdai3JOFC53LPOlEaNy1fv6M16lYDZHwqglL0MHtbOi4s
394,i3YnyMUbdOx002r86Qlzt0d-Pmp9d4h_9iktrQqZIpLpAb0
396,BRdtY87nsz6aQqac3P4GCH_Wq8OnF8hvyMeH8tOs8curOYnO
398,dcHVS6ZJg99R5Yo9xmCX12PU8JZTLl7OqrSmJeZUe6miJYM
400,_PjF-j6DUcr5tMMZO42TzkvIN750yBUSpTdiPaPrcSiNPpI
401,i-opyRAIg6-aFADGMw_5qXnpB26TB7n69tJSItkINKRdJTU
403,vkE-uEX4E4-aCw2QjmidjKUxbLtbm8iSbHa2SK7rd24GW2w
405,OiHvGa-7SWgB2Rzm-FLo3-fQjqZVS9PGtSYbagDqONI
407,lVncV-kauU4Et-917nETMvnC5YmjOD6eG6vJbVTFm3x1W08
408,i9Zj8AjvCRt1xFj8Gv6HVwkke9Q8OiAXTMUyfVh5XLpXOGI
410,KMDcmWJuWn2U2L9gAigYu4FAq8ExKA_mnvYYaFLix60OpZE
411,F_LULdkZC0A7sDxw4p2cN6ELhrp8yUtz6bhD7sfF-th64jQ
412,Hb1zt56JjjfGGZ0qJUC3yxC0YWOZuO_DYAb7iiu6aaYAM1M
413,35pHOr_Wyf7eKWCbG0IHOiPuDAzAJEtPOdmAAGkaVr5ocCM
414,43QyPeMAOshx8fIcyiGyW3M0HPw3oQl-4_BW-OKte2geAA4
415,Dn9GGUlMAoGMJHcZNDxcYPKj7SbB53RgJ_UWkeEqsNtx5NE
417,d9O9Grphu8o5KGn6UWGiR8Jdw1hvR5T4BF9bM_dd7ci_x14z
418,op60U5fgyrb-y5qGQHO-3MmcC33aOuPqJ5GVm1FOBggwDiM
419,5sMdCxT2ImGvh4YPj4ouuAcYNeWlrSCr-P0vrBlNHhYL8p4
420,D6KhlDKeZ7RAMktGRsa9BtcrP1d0du3yzonimu-dr-UywF0
422,EOYpBSAdsMvaE5qgM-xXEkEb_ozsIHOpMWHEq61hPedERyg
423,Zrsot4JLUFu6vS7fH8hVmp0bYxgbvR0ZZ_-OktqluD22NOM
424,pJHIvCxsznvJppi3Qvx4ZgY3A1wlR8BhQE-EM4qnW7QjzCw
426,GoVrvZJSqgnZBf-5q13wlp4_VVLDiuZy-oJuSBMGPp9FoT4
428,MklD_Jf0UN6d4QmCZ0q3X5LRxkpuHTITE6WqkfekQ-xdAT8
429,Ptaoz6YY-RbM0l6M9f53qTgB5Q4uDj6bheT1xHtq3h4Ijwg
430,v1CrpTMxSJXeqwyAWDBMWTQNS-T_mssf-AVglDC8UyrKWcE
431,VNpOWjkA5-kGhkanuMc0t9SBBzU2I3oHFtuDwMXF-g2ofYBU
433,O1XSleERlS3D2sTcU9BY8GtmU-zanoysi7LwAmWe739mUFY
434,rHgFkz1W4uKWxQdOZdnchHJSmaDhfUKQce5Z_IGDZXhTJ7s
435,LL8QFwzukw2zWcCjjdMAqoCyntLPU0kYVUxFHKIQg43QsYQ
437,GOVWDCOC7qcLDFd9SCxQDKXkAHj09H0l-b9NnhxpDVFzj3G0
438,lnIhn4HfMOqq8vhcz6sPMmGpTAEv5WeYR7vCQ50UAhz8E6Q
439,kXbvdSNoRnR5wKJLwZq97c7nH3Etjnc5cCLnC6IiNY-xzE80
440,cfVaQr8mxTwRPuX0IrmlWhWcwi3fjLRSPZA2EEhKPe9bnYw
441,Cy6aN016lX-pzmY5NyMUDOI1KdeJWNXLNHNlWHT4NOPzgOY
442,ToWQQe3A4U3W4BNPqUeTyk8nMluzv6etQ6BGS1Df9Kpg9HM
443,S7c7h3BKgRPLSQBmuMcuCYd5xcICiYcXDGrYMOUG4RSag7o
444,6pJ-MGWCbf_q_wz8BoSDzcpwDgG7O_5jDjpuHNggwAHb-xY
445,ZdK6Iro0GrooVyUjY2NqJgbvZRzE5pkAH2N8FAM-WzB6QcQ
447,HiQmX29oN73bPVB-tzrH7GMxJ79udKa4CNHqISswZwOKXGQ
448,ta1fKPaOgTjFHCY4R591fzk9SwMXJfTiE6r2LdtN8ndsmNs9
449,BhhtU6WpXlp_eCLzuDYjY1ZqVOgz8xH7o3QiIISyqziYhtPO
450,vDiwMyzyUVqIsYHUSwKiDX4f1-KsBmPa6fc3nAEbSfL9cQ1v
451,vHlNYfoW1f-XPTmL1liut383mn00UrQjuBUYpM0QIqp7olcK
452,h5yzzm5w1fuzJaW42qeDpJ3rQ2FmB-AA6SGUzjYUDGAKg54
453,9L4Q0JRGD3H34Ddo1H72LcwT6WD51xU_DqQv5W6ws8Q
455,Z12D2NnJ0KGg43LVqgGZxnDSt6PU_mEotcqiFtaATkCSmHg
456,yXli8Bsw_ZVCT-PJ6QmHKCprjVYDXNHDy1yUQ5uQ6YMOJak
457,htJiPGttI8c3RnQoSQO94EL0KApMZm64sKAXIvJ4jedPrY8
458,_AaJHoXe0QlMr5w9vRn0wq4nmc9dKMLigHPHTzvDvMUO
460,o0AcFcsegAfYV5Mthl9mW8X-NZjXb1nVaVY7zbrJT9QD8SI
461,cfHYXHEbyAt7xwrT3roU-gROLWT94w-gbto7-ud3CltmnhU
462,37s2awlKsEc0exeWG80qElH9fgqQv7aozRKsz2OSbamdi_k
463,tcaJCrdUm4W1hXnZFZSitS8FeQ_8vNEErT8x6_O1wJ7Tfhk
464,8kZItSRn1AsOkYKI6C2W6HsamdaXrAlDUPo49Yx7Y85dGSw
465,SWI-bC7z6i1-Qu3HEUtQF0YkKiSobju3TylXTrA8n-0OQV8
466,iBDJk6Pwq4OOT1uwXTy70SuYBSEhevl_9sWMJ3-nZu5MZjw
467,NPir44pIz7Fyq6NQkvPENj_4jhDPUEVK22r-cc9SmqQ
471,CFbzmFa0t4jPikh6AoCQ-0wDcpe-l2qL1MnWRwrUQDp_2Zs
472,nha565cqnahnWksFhZglOEshEPZKlKbyXIY8H3-BftIIMsk
473,7SbV1kmVuYieuAF9utwSKfhCPOIhvlJIw2VvAGWXG_big8A
474,OVkoE46GukPD1oDISS2L9tnje5XPP1m7nUVLmgHzJQN6138
476,Lr29GlI6-_sAUfVs8TNPi3pEC8Vm9aMEQkqIpEakLMCVwNg
479,0ATR1-kmO-8kRZzPZtVXT-uPI-FGxmhlWmVmY8Eg-fI_x1o
481,ZBtbbOyP7lX_pex-MIUwxwlYUpNTOaQLiEFrdSgQJSwcvls
483,vA_ffYo7hrHNMuv2yuZXybblgaEvFsoSy6eeyQJpJ4IzlFQ
484,smloWzs0SAg_Uk3M3Nnmd4vXsyzoEN7PkzaJIKUNnMFIE1E
485,vfmzmNEPXCju5fEfEXlrJkMSeD-xSdVOrLE62N93ZbCqDhQ
486,FvnFV55FeVR2KMH0-qhP42V4XSQ9RPn0mFm5NMQTT_SVlcU
487,UGSlOpHvMU7AVBlcBUniqYBrYf-pMceHh9AiJTfy2bcbkzA
488,r8UCu2lUFcQJsFc8FiHyk7oZbL52bqLrGBLBi-HEQJambyk
489,_uvrBC6unoOPraUoZ6Rgc0SIFmDdbZl2NJznsJLcL7YD-5Q
492,GbGkqLQjudlGYh5LtQr3uGlRRTumF9SBJSEfQiKg6zhbTVg
493,6QOeqxbZfv3GZGop0vq9t-FI5s5SUSh3_Ok00COA2BXB
495,CjMvEGNDXQN1g-5Pae99JhrSoKEwPRAbO3IJwAJuw1Lbg8U
496,q9WW41EjyxnWLuJ5Fud9ph-pkKX4SaqYQtZx_TPaVhMghd3z
497,QgQ14vUCY9GJge2yv3y7SSdx4h0EvXOp0YeWvAfoN69x52U
498,QKHr5uKO2jzQqwbMb8Cc51W_04bF_TMOKwzA6mK7bTLtEgA
499,5DgO8LYMcG_vYDomT1HB71rpn9m5yj-itO59TI3RpfJpChMl
500,M12I44HFcAjylJ-l1hlkQvL8euFpUNK0GwpI9RiEQyrU
501,P_K0cSM9a8yM9X6jtBvy0BOsdmDH9CzwLGEjfNQp5g
504,iPOGac5uETfbmk9CXPmvD11Kw8_CUyAm3ri8EOaztebdbhA
506,XmpIsPRX0xuzs8cMrYvSivKO14JH1e01PjJeNaAvjNXNdsI
509,OpO_kw-LlJ7xJF4CrZlgefrH1Dpk63BX3IQ1zbhNL2fKhyI
510,_nXD3NAB1EEIfwzgP9OMV5EbO5enAskXj9QdzqRqz8wKlAc
511,op4CPUNQSIeD6CQKy9K2hNQ3523GF2zi215F8B29q1XH
513,uW5ukNvgVLlGZIKmnfUJwK9BGxJjnjUnrO0tzAL62hs
516,v1S7LKa49KxiWxIyVKyJDn0QhTugMdf3VvmAAV0xJZDKjOA
517,xs7T1rDczLznhzY4Cl71E_jAp00MwjNoMQx4cfjAP6j5yeY
519,mBxx-Sh3l-sShAQndBzC_kWBjEC_OS5i32yefMEjmH3yF2UZ
520,4AY2zYFuH5SKmW_blVVHzp95Asqq9ou3KDnKPyIJAuV4tI8
521,7mfQfscSBsCN6nrZIgNMWAqLQMxmUiLq0p5zc4flzuCTWO9T
522,eRiFBkJEzVVzZ1XNbdTbWtbyCIT06Tu5s8p3DOuE5pG2qHg
523,ob6o08xHizifpw1IehqldFkeAtsCboDj2GIyjK4YBfuJCJ8
525,tj96QDGDKJHPaNND5Yq4aqAcBhkPZ7-57ISiDQVgIxOq-tQ
526,oObwZrJpTJeRALqh6dA9ghErXjsIwMGFnuc0J_EPkZxJSRSU
527,bICtP_B8U8a2eTvjtwtYPDBTQJRBekPTizcfq9goh07_eCI
528,HnkvqjPUXS4MKu9MgaqncoIg4MGXpL5_LnlJw24ms-8hmVI
529,I7aGHL7jfUEy66_MdjzPsuUovtzIoLp1SOdj1GXfgT6ZGj4
530,n7tmLM2inSKFJj7SqD31Nzo_zXhI65rs_n3xRpvfgFnx2P0
532,Kulh091jzH0UH15WbeDlfdZgsQp_A0JkoTZuDP7jKdchSc0
534,jJJnK5HtrDjVihgH94L34VHIsQN1xrWWxxZwrjZWzIDM3vI
535,WuK3V2D9h7Jv01zQBXspq9tYe0_AH4LJUOQGTUkHwVFRd8E
536,BFctoibmvKGG5Y1LD_tHdeZfFJFcSLBwSunuyW_jqLPn2oU
537,a_yS18oVhWbnl17BymuSo1ErqFm53VExbGppS0zEwGeLRt0
538,laNhauCVDECXwaEd9sJODpbvt37p5LyddDWbd7EqaECgXQzi
539,jgMcRTX5ijeY0nikOH8elAWoRTti_7VDmoREUKgBEIA8mzU
540,M97cbHr_-N1qFuJBsFJA4waT6z3-14Npoex6I9NYPvQb5o5X
541,ZI4s7ok3A0rQszBFo9loKOjmD2uCsLJSqgBksMnNq_1eM9nv
542,nwbFdrW2IpMNtbrUNs5DU9RA2kD_gzJcSzL2puMc9-4SXsU
543,1u-OSNazNCdb3iAJATbGmvF1p7DZzIyNnIfmF36mC_AxeGk
544,Mv7piqFaaCczhw91aCoCZ5OE7oD_csIr0qsvSclx8xGKkeA
545,xxJrkkdynu5SKzGO1NQsW9bE2pymVxF2axF-a4I3NCPAv_U
548,fMYVfhaEd_zqWbJ4xR50g-FS39w9e3jMBvPULDSI4T9juM4
550,uBVIb4rYi6QZt_LWE4GLQSX6IlTmf7UIHd5QA1K5WCthf_M
551,r37EbWhdeC2GXqNxo1hTe6QeAOOYv-dUdRoPh5KbWg2TMMw
552,FCUBqYvuqcrHHe3JYEQUFa_KJhy8hayUnrnspVjOceSvCtXO
553,_krMCG1BUBdRN1aJW_MjuYQcefq88sAjSExUA7KLy1k4fdA
554,mmkLJxAjc3l8gzi92dFv3NOCfstX7j2HPiJ3Hxqly8mW-BvI
556,N9vo-ajopDWKKy-D567E7TOvJRUOBl4i-jcDCoZErEos09k
557,qVgkD0qWFmo9ushr-mADF_sX-qK9s3pavfgnpMDwPHQ8-v2j
560,3wIn9qOi53WnvQHrmyekefb6Wo8LDU5P_CRAxis4-t-VAmUR
562,xkJwnXcHilWeg9sn5XhpKkIeAKsZjNs4Y6c24jn1PFhSgPQ
563,oxXCkJ8EaG1s7HCKazu6onmiMMkgMaUuHz3qg96Vf02qD9b_
564,6XwkJ1aaXcrlZSszQnU_71x5qsFpcsvjbcIF8beSpuXCrIc
566,yrGko5VquOp9u5VNFDak-asMA2fJ06hD8g24AGyPu_BYILDj
568,wRSd8qxt-29d7t_OYNIRYv4etsG9-3Y6XQl_zZW43y4E8II
570,UmM_jmEusX-7DixQ13C5Qjbh-yORws4VOea73MzNxdnGr55E
571,c11qT6Ua-9w9r86ATw0G_t-MMeVxusGRYQPtU4sfSYvrzXA
572,Awkhbt8lDUtbmPUKb3F4ehL7jfw6v7uIkHeFwjkbVs6EPjs
573,8cqBU9hkbMUppjvYWqLdv9qAtimtPTXqbZhj5uvJOAhponY
575,q_Y3Tt9tO1MWXT5RVWCrnd4J9SMKRYNfLFq39IKRws0wWOA
578,wViXnX5VvpAf2_bFOteSBaT0oXgBemtmetJlfm2zrqqVgA4
579,ocCmyqpeVcFhSBvsnnjO_uuaKPfufxfkNkGAUwr2cyqaZ5I
581,D7wpBrkh4quZoC1aoH6mdD9oASQJLBvKf-XwPjFTNg0DhSE
582,Km9GEYWMEy1cCI3wQq59I9CmNrr-lopPKJKfzuLQi99ozTA
585,P_BaweBNr5CWPp2uzhDJDCoy-BwpGu-gSOynJ6oXSnZyPfU
586,1NCXqHIkM46uP8m7RGX3AdwKKSFeErDej5B1cxNcgy74aIAm
587,b_AD1J4gYD4c94sXkbk_CkQOqml9a8IBYkAZtqpL3QESluE
588,_Sca-zK6aZuSS9h_Z17aoNhmWh7MKjCR9FYOvEdcUERblzk
589,rd6r-VKomRtsUbjBOmKvXheE_koO1EQDYenPS-hLDPc_PM4
590,4crF4JtRtfZmVVCFoPRspFNFGn78wlu4mrDZkZbbPPKCWj4
591,X4sWD6xa4M23JF2ALPxoCv_L5GjpRnZZxNHCwc7wfXhJXU4
592,6AVEgilqcUKZbvqZamdcjudMRllBukdh8hl8KFajVW0uwW8
593,RWOc1dghBOlgbSs0Pz9kypS8T1QHNqAqBhGrPMNbnYEv3wI
594,jeutXjOTXAOWAfFrLrtKj_1Aqzk77-BjVSeOlntL2yJvLyg
597,Ip2fbSk6Wbz5CVN2E31P0kr5oLZA4Q7yS_0IJQI2hGOGfxM
601,VD3OpXWiGKDSKW5AK8x8ptR3gUKWxZ5zyAK788fMte6WaGo
602,9ZMHclW4SU5txWtr03OyQ5DVjvA1KT-dasX4kZmIw2-4gAA
604,fJ_ThsLlR_Ml2BuCPGoQLjnYbcsqdtRknT_VUgYdmRhgx-U
606,sBOjVmUQV5pIl0nlxY4CDDkztKZAV0PUAEomNBuZ6ot1kQU
607,KI_OQSM6HSRKUpCyDB60Q9yho4DSbRL7TviEVbXPNKr8lzI
608,PmTh06ouBd9U2LFF8SssqqUT-VJlUGAubZYV6ykCefpLZZg
609,g0xYQPVFdCRpjHFFGei_jBv2Bl56Jl8v_wdXjbXcD7V4ZS4
610,4OSQO3x8Mgta2uAxwVVbhyXkFV4GN1p3WMjUbguIXxEEi_I
611,r3LMPL0dF4rJVimqm7kahmMWvY-iwfJcZTzZNNerQm1ZUOI
613,fsyhQBgkH_T7bKI1ckP7Oz2vsiko38ryAa3-2yt4Xehob9s
615,EoapjqYz8iaNZjeIQ1XarMrnU8r2oQa3KaO5C_WvohGrjkY
617,yDIv8JlkJysE8C0zg0QyER4ski1G5Dn1CZduw-rsXl2O6Oo
618,haVj31PuGu-BZVlX-91EvXiyLR5pBQQMPpTbOFmSoDYn75EQ
619,f5Dpr4BwvDgkvuEzRtt0Asb1njV4D9Qq4rB2k5quR2sGzxw
620,0xoGWaW8tsM_soDDEVMDO_9gvGkKSOzH4Y0CW8L2Bx4el3s
621,iU-9NNy_RHVhjkj4UVWO5RG-v_q4PJ9JVbxglEyw5AQF
622,9V0OnYdY-IeAjW2g0Nc9HmGE-4oI5sEXAHdEdnpe7cg
623,9tQgXJLjfdup0SQ2mzyXpTvloQcB5NNzqVbrPaqlOeWBAD0
624,xsrQ-vO_eIgDfEMZSXIIGHwjYWQyP74q7rPs8S0kJi0yw6s
625,7-fnYXLGRgAtIoJVrnrg3A5qyZGaWQdzu5A58CiP4hfo7t0
627,gdP63p2egXGjfM6-Ywu1VvgnpjVim1A7jpoSJoKY9cyuMdI
629,U1e7_wNBEXtVJS3DREgGYGmz6s3KcXZK5Vs_LKgnMp-2h8k
630,EakSIY4Inp6vCG7QvTgYbyNBTe48mbs1MIgZbrtjqnFZpEMN
632,oxSGws7mTSFnoYsspSlXUtD21tKJS_0l-jKQmYH0qpxgsF0
633,FK98gT3l-XFe6SN0RZUN-lwmQiHQVQ3AG6IKN2xtpFjKgtk
634,4bgby2mqVywKTABJHrXGssTLB-Up1UXHnQOBNFwpBkRcpEk
635,am2kOOYYEIYFltsVvA8zXAChHuAlr07rm57S1qGDg7e3m-g
636,sNws7lXqwga3mWfuvc-py5Asxes0RrdXqHD2WEs06nTE3UE
637,n-7Op-oxfvOPqLFtKZlMhlAVQmhMy2SyT-TIMXGclL8dDfQ
639,G3ynlZhvBM6PIomSH5uLjr5cM68EpPPlBUVNhMk2Eu-floE
642,6Y5pd_gsnCpwGLmQiG1lLs8WOm38UttYxVeG36USDX7Bliw
643,dsndM9czKToOtKI9I6rmAQDS2KoAUPO58NqEDe50Nh6zkdfF
644,sxgr54IRSmQlBNzy2QdbFPO5bGAKKYxCslnNg7KiH3Iue2Q
645,kx46-t7Hp4HlaJ8cINtWuwcQFhlM0U6XEWfBUycmYA7dov4
646,ImuswjqUw01yG4TTa5Rta8XaZuk3dybTIc5DZCJgI0vfe4LB
647,ddFlkTINqQD1xfjrnpSFhHjXianKq7cUSI2XVewsTf3H9bQ
649,oLyu7qjd6LCx36zo_5IEI8oKy-Sk39--z9qZsub73Dku9l0
650,0_TijB2QtRXcex3YIqIw1Mm0Em4iSKF6Wbx-B073gARocYg
651,sVbBx-EBIACIaTSrfU19FZ2KdSW4ltKU9kXCWwEbzc8gkjU
653,n4ZOkAgKQy__mllECk8jUieNqkAxJxd4OjtEZ21ys4co
654,DWR9LyxheAd5Atn7BJa4-MwZbs9IuhCL6-PrMrWTjxlASVQ
655,gsCH9fTttu-aP2YwWXPhUYUF9hXWdtbrfmyc1-xaiwTgEV4
656,_bcxpXXpzgY4E82SpiGxBOVSTe3xLGzntwCXzGazcFSvx64
657,nDdAaUPwOdbMff_X6e6QZgcPnMzrxlhhlbpc-mvLT-Co9oU
658,A0DO1WlU3E9-qtGVFaNSZMzv9CRJrW4ShpFcWySChDP6vX8
659,Z6SxlgkaepXK0RFjnKD2NcujctYI7wVcYKJdSKkW8K5VYhf-
660,WOGlafsPGNQCN1hUc9UEIRX5LfGs1kea0mzUJDMcXdqljOE
662,kb6hUTcBmG6OKaD9mam9gEE7wlCbnqb01JAb4erMOtlHFtE
663,PQiA8oJlhBb4EgZ-4O2G7ACr97O3Ib-T7MvXpbgaHywUxhU
665,WY0n6t064Gae2mRB51mwV9LsiZ4IteGL1MfhBSCLAC8JUVqV
668,PtkWl1-vuLmm44590MPE8Y2wnJ3I7Ut2LNr0Drnf6fi6hZ8
669,P5hrjVcehCEpMnaJN8dgmJlM0csAGFjDgJD_w-kVZAjdmQ0
670,mUQL4h6x_z8XaMnK6helJtrxw7nWh78ZEUFfVgUDXfSELNs
672,ZoW08deWfMEZtBWhWwaR84kQc_G_dbL-ysSOqaJQciZ2fns
673,ye1zpoQ7AN-iNcBrOopOIIl-bcmojKudRqjjuwbJB0ttfSEY
674,Xm933vcY05otLCGI6VlkW-245tiB-jaxAZGv9C5Y4pkC8fnY
675,RmcAQ8BmUjRY-VX1PZrMLxZcBMbZTV2whTCjZm7klRZ-zNs
676,laZFWts5ucNnQB1xl3kGX8DeolPRG5iYsceH-OHnQgQJk_uV
677,8sraK3W9l7aA-3UpGcnNHI9G12ZvoGPZAVu1t_oZk2X6lvo
678,YDcY8wS49W_QfJX_I1v-Apd1QxpMM8S1RoBCiNfGysBQFUg
681,YurM5J5qgrzzZXrMgQxRcLEr9_F2v9lMEuTRUoJA6FuIKKs
682,CUpnU7gyGhFk987PUi2BDlwEdbuJcqODvB5_9Ybf8cJ4obo
683,J7V0G20cE-V12UaYwzOxxFQ9y2SP0e5m7ODz4Px7x8MKWbU
684,JMwGOf1ecc6rpzZW9l-_dNKU7Qvn5RlikPQ4rhqvOQLn5og
685,0475lekLYwIDIJEIHfCej59GYWhm1nJR0rDLs9j-rgYfEz0
686,OZt6viztpsCksXR9aK8BYgox7Zbpmgc27vnyKgHhxmE
688,VVk1SzsXxYjNT4ENpzXW6kZ8Gp63CkwW5iaPwbUoC7zZ8xk
689,kwQVn3gxftmsyFctjgytSt-25cc4j9JdHI3_1twQmXShqHY
690,RakX3PiLrWArB3RrBvgvvYPNquEERw5vXCyyzOgLJFqjoajS
691,8uDv7RlAU9zE6M0g89lCDJG9B8Ul_p7_M8ar56DYkK4
692,Idj6jESTpIxsBLXr0LYG-_bJgw8StAWyjZPGHcofGHRsAn8
695,9CQ77Awly1OsXp-GXb6SU1dLg6pLFD054GyppzYAvr5BKRM9
697,jn16rKOMHsXAq_zaG6QDufdZSVJOlUtgI13jB7ZE8GGv2g4
698,LaWBnyoAniMJY_vQfeRvMo-ynpWdZ6ILzw0t31nQEq0xAPc
699,YEKGgbW6lan3i02uMF6kzfL2-z3qPoU98k0C_hNAN3oJMbg
700,TtgE_pDvvTQyu7YK7e1-Ln_YvoaldCcoM_H1nZUi3DLMV9LN
702,4_Wh8bb0cEcEKsCPG4xjnG9aeOhR1IsU2b3Ndplq0OCmplU
703,UjvDB0CeD_-D4o1PfR1tG1HFkjzNc-0oGfij65GkdCeWtv0
704,u6YKeKdJY3V3gAT2ZasTnFsvoWzHAJbfa7Li7pJjeb7sxDU
705,h9fIXsf3RsEfqfXAic9neWjQulQuZfjg9yGahuzGYd3AHzw
706,CTaoGlZWlbw3_cz7OVEu5MXliALW1xad-M3js3shN2xjthI
707,2E5287ObGhR9BcID904a-Zdh-ESvai-By3u9SiNZlYihHnQ
709,yZDwJntpJ2CiXIzE-NsodibachowNmfShImR5cRSmJyCRbg
710,VHch4acevqrs7MFfFC_IwmDBYKLUDEuRGgQIYRtOP-4uAMU
715,nPUO2SXNb1yEtoCWh7TrgNKHkE7IiT28Kru-lg5IPQmPusQ
718,ml5_wYSgUCLmxfmCchK5uRM-lP4lzq_DN_Oqu4YEts05Fsg
721,cN24Ks9_hjES7hew_kxcIULjIPMKuaa2xPRpolpm1vR9ojI
722,PJFdWaoeSd8GhO7yy0zoe_yf1D0aLL6xhm9TVdUdDG9cWnA
726,t4nFhv-ldBEbpDFi2klkKOPOzh-Q-3MqRgJdQmUsJR86rm8
727,aaylSOyvWQv-4pVnW-Jlv1KgoZTpagJES4KRBIuVZ2l-V44
728,ODDQF2yOn1iVsDH6USiP8CAxZO-JtxDwjLJzW05HPHagZMIR
729,TEjai3jl3cHHeJEgGTeMEPB3N9sQmZpCvNmNyftvabsMUYw
731,UfLLbnpzsobOvUabqcg-OjtE-6F4clKD4Fb8iUzsh4jR0StM
737,tR65PTzTuYXohYOu7O6x-3zTqfgUze3WSrAKMw1GY38mF2I
738,oZ_wEbdIqrk_bdc_A6Y_1QCaTvePHJUhKrWewg0K7ijDH6o
741,jXw3lC2_nkB7JNqzgqjQnQQe1rkh-MGAq5Hqz3avwsFf25k
742,4GF5U6f_asNnrNXa244qx2Tqs2ehTZ4MzH88Czr3W1zFUOo
744,BdLvPoC-z1RFHeG0nLeK2r7NYMXaA1IPFl4YO_TYEPrD4CI
745,1KL3a652Bf7gGbl9t3mRIIdKHvVKFJbGV0kVNJdOYUFtgtI
746,vrPESJ0AEoeIQbXuwSqlzPCxiFNvbL4hbYi6db3F9jfGuq4
747,68oU8mJnfKdx25TOem8e8ew5TkpNZCs9aGp2bzpQ
748,osn8z0-rY5vDpGkMvQVcJro2kFiG6YRv76pAlAtCc1eVysJZ
749,oqDo5mUaWX_lUT4QzAHMfL81BsZbTqPGfCixgSeeRlgYDII
752,AB9B6-tHF9u6IqEj-dByYvsovL9tkGRpy7pzmAvCAzB5HnQ
754,RBvhCZEs9jWbCKACfH4FQOpM5f73RjH1mEM7zfZjzu4WJMQs
757,O8KayObqqhAHrlQe99rUPjHo7U1k7kBFmZq5uyhGC_r0JXI
759,Uvo7UrsMc_wuoKdKv-8WQIyo86rlDlSjw6l6ItjjnefA-bUf
760,GtqQMm3QeL5PjkCv3r4IBLQQ7_k1uEUd9hjgqm9KRSi7-qI
761,NIZi-3RximjWCreNxYFRwiRub5pvF-ON0-MS1hUIdx6vZtA
763,LayUG1-WoNSAKmDUdxCCTCG9RZ3fStbSHeeS_H5iMvRcP8U
765,xpecTjbIofbQ6AI-6VsZNyibB4-48-vtxSMeXIkVZofVMUs
766,W4SzO4fStr84CPlXHYq-FCH-dvqBetRTyTn97R4ruAD1W2g
767,at8po7r0vop7YuWd1KG-OUXwbXJdA5UhTNLInFg9Tcl4yj0
768,NMe6HwOOFPEuxAYB4QQbZSsGPvAEQYpSJhxfhR-GfwaaTTk
769,7wwaYmycf4I8B1SVwQTECdIpOgusG37dNkTN8nkChe7jFAs
770,u7M10BNiy-yH3_Qzg9fNFLfXAjBs9DRO9uhbfUp1a9taxK8
771,dWEUma_6XjmL03A9z0Hff7ndTXaYPJ1r0FW_zMY3L32AiMI
772,euxE_IT4xXOeA4Zmu04oAX0A_3EjOFik60_ug4HO9RLrzCk
774,OvlASkIww8vr8icEQkFhkRA_eosls4ikDROjHdbJ8dVATpw
775,pf_iip2_U0fjzxvb1nUAs9TQkoLUrgmMS4Uyd3ntIYT1Muc
776,6tfA8f-aMmPQCcIzm9_JPP4Wj9eQYxEqx4YmLeH-amOTHi4
777,ypjFrkG2Pgji9QBr0blGlzMHfiUNUGq3dKERZncEKAlQkcs
778,tK0H0OmimKeF80xWzhwV7RzVGcXmlQJkZZUGnTAhppmhFMs
779,gWOKDhQ0zcAxpIDcRNnTvMq1dW3NgDMFAUOl2mKaD40TgeU
783,nA-gbYqK5cQGnm_bwc1MzxXN1YMI9A6ODI_a2nVI4bO52z0
785,y9jTjiSi7Eb3qoRwaPSn28YuoMLJ-4N3n2POiUtpPX1X8tI
786,h8brZ5MtyhQYzvxbZQqfRE4QJJ4RZGY2NwXpy4NAGsxxe9I
789,ZJTvvy4ii5hjPJBfqS54xQPBLbTfDZpTaTUxaixgYnRkPJ3S
790,IzGgy4U85mi-92XYqATPsedCGRaZf_tQEEW-m5xksx-dneQ
791,O31lSODdgoyRMvYCC3skcIhlNjnVP-yzsAUGu6KZahP_yIg
793,qNLex3WDAyXHvwOA2YePH7_r4NEeDZjzjKlo2FKe9WeN-V0
794,McCUCfVi_6gdYBSnaaSgxroesejjC93gNh51ekE0oIzjN4P9
796,xDzNQO1Hb9ajcsaAgvU9rWIj-K7Hp2XeZthStfLfQLETTl8
797,InAcH9pM8-iQ_R9we2av6E5RgACUfa0ILotaIIgEhDoCwPg
798,uu1TZcSgxLhLfbFdu1ZUdYYWAce8BG-gt46CcjqVyQspqtDf
800,C1qZL2dqbsy5ZyZe2iOZ80w022sofN7V0g6lMcEugr32PwU
801,kC24mlSHd2-4QEAotz7QWFDaJzGzEgQSnx-UcoKvPpweYmo
802,kpSy_OBFANqs_kkDbQxezEVWmtREWRceoBfcp5l7-2PMIY4
803,Hm1fkflyGZLX5i2un5iJRZnerya-mAYp1b5nFUzy9kYbvZA
804,0dYkbi0oXWTdVBvuC9ND8_aw_sqXqNgTL9PmrEtAc3sopD0
805,2uivCKmWuFzrei7Ve_NN6t3aI6VVBtG04J_2pknAIxsbfIc
806,XuPhKmqgSm2Hp2QhkQPX13UrioyCBXCxsh7pRWStVCcnJMY
807,pFE2CQRNhBst62dVTgghBuJMR1GP1jiqY-Fmd4OQo1HT8Vg
809,etO9rLHRMPStKVlTxnE0bdgU_DwaAwRHUzv4mxkrLTnt_qw
810,y9x-iNT7eUzBwdl1EQ9EaMBydHRvEkXH7agN80SsLrOwC_Jw
811,JvI5WMrFPePcxx7U7wqXdMUMjOvD1yBl4KPrlYB9frKs
812,zoT-vWaAaF2NSCnfaOMoEznMORdgnYle28voMcg_azNaZmo
813,5c6sETea5P7L6hxTT_2D0lrna2_bZcLPtzQO5E9o5ivUeU0
815,35oFZ_OK1In14FabS1coi63IPgLYSnV99u8TG1L-Cvth
818,SmC_QZRSO1UZgeHQytLoAbvzV-aJoHXUlD_kuZ8gsAjHCHY
820,mxrf3BN7bGGIpQQn4Gocct8zsJQpvas20Q3Kk3WPGoYsoh0
821,QjVzQ7xvgleviPnoq0WO2DqPLgAA5dKw-Spb_whR8ii5AFw
823,0zj8DVty24-L6Xi1Vx_SIqw4Dmud4t1gwfb8a6TlIG2bpt0
825,tc-sCf5MwcWMzaY9j5KnpT0Z_GX-q9D4-r0UqbJmhIjmA0o
826,u1Fm3rYzsND2D1S8yUsbo55YC50aioMLtQ8ihExIOrJnIP8
827,Tm4jPdgcvG8b2wKmxfDcZfnwoRebu62Z2ZFg3BgVHUAkkj0
829,i1KfxLfnSS3P-55k9Gid4woKdMeZ8bvZJHRJPSQt_tZUYIc
830,TQIwR0Zum4dg06HY1iOr6GSvRORUIpqD5wiep-_c8peT2js
832,Xg4MMIPbao_M0Q8B-ccZfVZr5d_B2W-6JyeDl5exwUblIZQ
833,HlczPNhlgtV3Pddk00R6Ov6SpXpIevk8vzeqAJndz2nIpv4
834,CtPfPtoEniCJBVWFmU9l_o7xIDVoSIOel2U5pubM82s8
836,bn9CoXnvgeDxihF_IeoE1DXzZflh6VsQUp6F1w-blwzChE4V
837,L2QwFfVeY6oe8bc_taPWQNd8nYJk4PuQxvSdPbt9LN5iCf4
838,s77fmqhtYICp87aBMBoG-PteXDr5W2ulLsFYze0578dcR2Q
839,eCg_Dcwb07iGFQGEFS7DgDwQWF9wv69l7JEPcmTJv5AtcqY
842,EfM89QltURjs3-Tq02lbPRpzVU_zUe4s3jaJR0AG3z0M4LI
843,p7BPNsjt0eya3UP1olyfDnOL5TN5aBbpeXSpw_G3wqsTiTo
845,hDqcfDwWUkyI9pgaCyKT-SBNGAgBez7tyW5L-rKZz1Aw
846,Z-QFbu3gHthApFF0KX01LpLJlPvv42F8XteG-xUvLybeLiGd
847,EcSZIKG0lub94IS2yNFjrvJQTKYg2HjpFt3ahBh8C3ofHIk
848,oM86w9c8qJsokHrqaBV-8LS7Qpb0pAS6ukMDrumctsDNwcI
849,3w6GsJM030cCagW6G19rdDuhaPPQVLVAQaeQCynVQBf1GUA
850,NCbrUzgvnGLlKRnQYcRKbEtZShe1plgsmS9w81z8N4TTXuY
851,4uC8ZC1cwG_Q_H0DfBw7KJ_mGAFHhcOWylwmf7BvQd1z
852,em7WLFv1MaaVlNhK0OFeKcIDbBTrVBjbyonoru4EYJpwxh0
853,qBE1-Li2RSrJLl8bFOotbKeNdma0TmhRyjnGvlUZj7eRh64
854,3mLN83B-s8KzMS_stxWaGtTSji3vJKdmmeW05obKE_TuwD0
855,rUGCZD1lcYffMC8EpLl5SLzNc-ZLybEaEpP0yCUwwEx-_zk
858,Sf01wtcyRxuiOBHe4LMTdk2-VP3Ic_SVuZvH2PwotglgfKs
859,A9zaRrqsiEhX4kJDkHTcpYhyBKLJ_skiQIM0WJEHm62AJOjr9smCdHTs0g
862,iLf_RSIPVQpxn8xEGa97q6DYuWuias_yPh01Yt3mlgKilgw
863,rA3muhFIBO-GoGXPbnwmEqwXn7fBclpPh8FwGd_wK8SJ0RQ
865,asPlGbFnE8eNHSixPMnKP3VF-bTYaz_AKxSQiTipMPmr8tY
866,QfymFtv4b7iPYT6rax9jtnxkLIuTeN1wXwQDZMeIMEowq54
867,WLufVy-lMR4-7LzNy3tgC0NSgLIE3dnlWb8SmYnibK53AYc
870,NP-q94E4eQm09WsLZUH2sIWT9KM0-0zkk9_qcP9K14e227w
871,eK_8YefhfuPCmYNQVHlU_LN_o_kpCyq8hY3qFTzCHPCk92A
873,mqTyQAKKbvZay-wLsFhhnURQ6u2F1MvatwEzpVNfjRwBNlY
874,Gy2wkCNADZ0s5LhOdVcXwoVDI8fNlfJUW-sSyeThPg_stkuy
876,bl39IlS6mH-V_aTeTFj-zdPnAi9pIxLaGZfHq737LW9iR803
878,muuecST_RJYg95j6GHDVVzFhqiv5YADcNH0EfHDh1NMpYX_6
879,TgkXMYfYC4Nf9wpL7nEPhseflMLKfK5E14aQUzpGyiKurIY
881,nEpfCmV-nAO-goa4C40HX86Lok1La6BmiRl_sc2LMIrfm0g
883,l2J62qULyPpDrxVIQM8v1CaoSRfs2TmMUSwWTKNebXgalDc
885,ZVAfqWXRNtZDaK7Q_m9Ra981IbTHtUW7IMCCeeOxA99Duu4
886,4QN1X7dDFF4ZoT2B1MsAWEGHUjvg2Ex1GtVliDURytlESBBe
887,gDwBRa-AtI-h3Vt3PcW6gRc2BQeFNGOjoyG-IeMPZfZoexc
888,BIT_BlCIfvDj1NRlbuixe7dkta_SaFJ7onwy_S9ok6R_Kykp
889,Pz8MT-LbU-janG9eT9C9ftyN-KAf41Mv1RDo4wRURVBirc8
890,jnJpdPytC76GWrMTH62i9HCLi9iD-zmlXOLTltQkOjvNuEc
891,EsrxQnU0PlzX00UbLGt7vAnQJZkxpi65jnIuzHN7TJAZvEst
892,NF2WXxIQdKKPkhYGo4ix8Sm1lTXcIlm7HRiUxBjFSd8xm9c
893,ZKmcO4oX2kpCJdxTecNb-YSDO1f9KMkzcNJffFq8gINMLUQE
895,SMH79AuxOODfcv8SuzDf71FOHKciUfhuCWOj_uduRE7o2dM
897,J_upxAAEN_ct8x66TZIKbx1JcNG4fK-QNJct4ABcn6tWeNM
898,CnbMPnzMyPD7ax9wJUFrjCzg9bv-Mb81QA_bJnyVWCqXpJM
899,FCfComdNSGb0ny8zs5imAFAWAHdr_T7PBbL92DkqPhnV6njg
900,Ksn6wTOigw4x2ERBYgyT1oOwvEsfy452abF4qvP8ANL0Z8LW
901,4fqXcHnY71BEgnT5t-plAJGDdvjLI3ihUut85OPyhv-rGDA
903,GD9p6w2uGPlAqXQV5ZPVOAE_rylA_-uAjO5eAzl-eUehhAY
904,e_hI7ac2SoqMgw5M0VJUrs0S6sIWePDSH9agYgR8Rgmh1RA
907,aCwPKWU9pwNZGBRVQen6tpxtrmXvmeNzbJHVEeIOEnAC7TUV
908,of2sTJHTPluB0ANHNLNORoYpEuKWooIq8PXvDXRziN4e8DVG
910,CCDg995PlHfEQPjYsfuEJjB-9rGQR5QCb-OoB84lwi_Z1UI
911,ox42N7ZnoNbkj9mc75rctrIOPGWbMfw-n64OQrPn8j1zOqA
915,kxXzalnJDqtEJp9quGznOixJnXgGCMmKbKPzWQBuDQ
917,VsMt5dV4YsAv2SN3aUiy-vx-eXGL8qGD5ZExEZGuHOXOmgHM
918,JVunS-4rGdjEWmHHUPZ3j_18Bcn8nQa7WSKFK8R1zkLYWjo
919,GmKKIVAisolMQyPAvkUQXN5PKH51-YOGMdZyqr0UNHepX40
922,ESRdizErmktDQd6C-AKZkxluYpb5LWkycjAA1yKK344DXkU
925,zrHudCkKBkkuhNb3lAvnKH4sy1lUruztY6NKl4XW0cl3e2W-
929,Razq066E3GvgKYd2D1Ril__fqZZ6glJxDPVoJ2bwIs0y
930,jzWDzWELmbDukLOLPlGPA8prOLoJt3JV3CVxH-U2kxrLEBQ
931,kqHSCrzJ1LnoH7UcIM4L1hVgUn_QvLQ_dZ9QGI2WtdiMrZECHTv3rqZNTQ
933,eeL9hTmVX1VeHgDhCZTA1Yclph-NoGfaLU9pAIg0uYW-lZ8
934,8TB7QWknWR5w8Jv2mrC8DKBNIyIEkvnY7l94eGeQE2vY
935,3k7RpMNaG-PZSy8jd6hzi5JhUmm-MlO0M8n8bvAwCWe5aIs
936,YqWTIiEa5Oo3LGM_efLrjYqxhg6_sjJzoX4kC-jk4lC04i4
937,Z6nvvY1NL4glIFGItyQ4TyVH3mLgLHpPC0hR6nH8jnWH44g
938,gWI_cf3aV3Jcrb9_L8wVpU2-MALlKrGtWGTCPZU-DS2JId0
939,cz97AoLvmdtBr0ULA58nzKYRYayqv88vKengn3EySdQJXng
940,JebYZGWMEpjaE7l6SWsRewvXvufRJ5r6km1NcexMKcFRWyY
943,S241kODDvYxZKYFiH0dxja85ysmubZkMohfC41r73b0dqz0
944,yLDESnYwKFEQ8LBLDBAGiFfg6QzMeRFiIgdp-8WUdvPkTgE
945,dgNhm7nBXNSuzNuYbSCKpjyzEBzLnwdolo8NBjSuFKPm63c
948,U5sSNu2AhbSg8RQWZnUWUGsrgWOTXgdEgMIWKdp9f1PEP9c
949,fzBmX28_DL-Qd4w9vQRERG3V5GZO5gniQiwISsbuBMYxN0oj
950,FmyjjuHp5X0KFcZOaT9kkQU1OVusYxH4SBvLKffmr_4P9KE
951,h9-HxbbVjfS-WTiPRAX1rZdtea5Is3psuh7E2KRuIGresRg
952,JGyNG2WCIOYR0AB8WF5aWqiWAZ1THu_fTGrlbpxMadk
953,pxpnYgtbwLKCkVx62732Qyd805Vzi_y3wCFlgY2-zLTEG40
955,9m8UvdAns_Fi_OwSaXSvgKZJMRh9YawnBUb6EkS0PcxeyUw
956,JafeTUFfQVT3yX7_VFZfD4iAN8dEtn5yogkw090DSShDDek
958,XdpL_lA695Dv6e3xvLqNY2-tBAAheuF_sJO2Wv3mu-xAAv0
959,_BJcWbkvtUW2MlZg5LUurFjf6OjfXf16JfyKkkyFfneQvhU
961,aV7qim_umY-E5B48zmAbZAW47oPzRxuu5IAxey7-nlGUPiQ
962,gj4EI7GFZ0xKqlvzUHtAEP8S1hfF3t1aof1l7H5IXS-yLiIm
963,dolr6Tq0V1rhA_CA3pa_g98HuWTQblbzBusez8tzE_8uI08
964,CA_lkN3iFt2GFSS6c1b1BSVN-f86YWxY296Mq22IhrebCc8
965,m4sSx83u4KOeD0HiBRxYnAaiLY8MNagULcd2886X3R0UxzU
971,Id8hwSr0h35pbwCropkALMoghBpwjyDzeXbMXUUE7-19v78
972,D6kf3CyZ2h4zl9CBNEqXq6sf3NCh-ulgCCv0aBn4KKJs4R4
973,4QYRy5CNZPi_19c0DTLCDohcHS7YOOrFjYpGEgthPNSooiA
976,4wsuLqlxaSR4nLnp_4ko8r4JZOM8WcVo4v2N-POpA96Ti4ru
977,UWt8M7w1Z4qJ_8pFPgdOlNvLOGZwX205JlX-qxyGsWhogUo
979,ibNSxPbnl0CJiW7GI19B6kjuJIqB9yzv6wB8_ts4SSHyN68
980,H1AggkviMgr7Z_boDNmeKx6VE6sW_taQKJHVPZ5sAH5QrPY
982,goHH1eg_IwXjfgS4wx7wo4sH-VjAOVXr7Eh60Ite062uuHs
983,HyU6oqm54EdvzUopg5BaxWhJam46Nt3eIIGvoKlIHcDstTY
985,9docmnH3wodBDad8SbCPsxfeWG3GjagYrp7vJ4-3hCcXno4
986,SLQTapjOo_mzCdSF6jcokpuyqwLjusD7YRja9YJIOOjwPC4
987,jaGmMZdXeSBZ-IjM7rb_r6UYiujfYhP15l1Sh1_9xkQpjOM
988,T7SlTJH_bvB6omBC83aNgwwIDueA84NK9bWI40HawGUgyyc
990,U7phC1ZAGvo6pxgSqN6T4vRNBuNhmV_1M0PkdFppJPOawVA
993,cRvSJ9YVHiC__Os8cJjgYxbYHf2JGCkPfzI7TwpUS0IEotei
994,PaC3vaOOJZNsYZldPs1mzcTU-OEjR5AYt2E2Z4NXfCDm-tM
997,gyryRwGMETYWY2WgpMuaB1CczKe08maZ-o7Bn0ME_aqNm7k
998,bnozkJHpntTVNCDDFiO6DYxi2VroinLpnADnRXQWPCorQyY
999,GPsgL4-H-N2YSZXs2_EF7yn08HWMB6gdPRGhNG7cNBgNUIU
1000,sjZKo7DUkV8n6MgGHEE8-1P_7tOypL65I0zdyV0RRnIHyNY
1001,oeCOZ8GgJ7XXA5DFKMmZO1SjgrCvLpZbMgW5Rdj_rx_X7C1I
1002,5kECnDUHQoXQidE-GsmmpBUNdnD2Ujt9KCdpuXll0f10YXI
1004,inN7ahrNYj-2RusxdG_PvIhv5UQ_Qe-XnkHGtVPBmR-zsOs
1005,lzBxQ_6eSe9f8HdbvWxa8o6TWHEhWBblCAzZEB1-canX_Bw
1006,K4ZtslmgvbXjJTLoRNmrP_bQ1lS_COMLkd2HaAr-r0JPS6U
1007,PqmiFjmVMwS0I-mia_cgKLBc6szgDMKI3Xx0nXUm_VFTCdk
1008,vMBHvpr8_6M5x2Keed2yKiYYGsE0SBTxtBsDRNlZkeNipLo
1009,9TOc8YJRrZ9hnKU9zWURpMsOJvhHtzaxASjwjHthjDWxVfE
1010,-6SqpsjL_vJbx4rYWPWJbHlghkmV4fFP24qILfEhxfZhSTyV
1011,yK9ck6EEUtAlUU7MFXMcRTT-wmxglN7XgdCQalthWIj2sOk
1012,wbHeL53g5w58KoMnn_dIMDWWhUUrO1Pdg0MLvcWAA8tURGU
1013,y5o3KLaUOENmMrHDdgdDeMFfINPu30JY97LwBNoukfa8eKc
1016,Yw8g6_bzh8TwPDVNVeXvEJalp-tptzzrWXHqnv_S0KmRSKH1
1017,jcpTKAtXb16uSDL7hInEVYqiQ0fl5AILkq60KErQ-sL0rXA
1018,sHlXi8xWpqXPO5IPjmaKOJ_2CxCvelAysHsfUET6AboKAnj1
1019,JjrN9YJ62bRdIiBmgGOzsBMXfhU8UqNr2HDXtqWXl94
1026,qBEDB7huyrjeJdDr0k3goVnsEJzppXwiE0HT08CyT2Bpqlg
1027,RDZ-qrbptIZwr-J6bcm_8lvJlkl-ZApih_4i9nUn0OPQ5xo
1028,xiJ5q3FmPGXO_uDhPLVNfA5ZDX5QGJy86YMB8BzFFXN7sPgQ
1029,lUfxgD7Ra8-xPL8UvUKZi8sQoWyjPBg4ApG9Durklvn1gC4
1030,yaIRwoQE9IKa_UgDnV2TR_dnNvTawsyMtNHKkrADGbg-J_U
1031,qr_RKcRf9KbV7pzgchmQv9Y051-e6HCL5p752jJxTLfm_tk
1032,PH8A4SGuYLWvyylh2ttgUMtlsk0IOl-Q0K2vx-nV35BWuQw
1033,#NAME?
1034,0wQ_cI8rbNuaLlr7KnzQceAymbdJZVukzh0vVf_FciXOMSk
1035,74CmTreucof6LGXY7TZ2hddHNPJBkHFLTVcJvQFS0zKEMJby
1037,vWOUOzVSV6r_0QcWV3d6_YhT0yMGXAnFPXGxWLynK_cGY6I
1038,Q5iehknBrfeUzXsNCNfTrEOzSOK1_mHM-Yffo7W03Vfe69I
1039,Kj_kUz3nyC2dVmEpwEtowWxmW-AlFYOiG-fxdy6Qnf_HJQo
1040,DpJhrVUMkbQMp8APqPTuFR2X5iO377ejetTCKnvrgyoivFlL
1042,PxGJXt9FmfpadFhB7pgizFUZOguj9bkEbBrZDowcIcJn5Nw
1043,snw8L1C_5j-LPc3LXGvFfvLZiqGu26Jcotdl8DTIzuy48e8
1045,WMpUGVj7JgsSOj30f_NlZY_vL4Ij-DFuY1NYRkAIkJzlYLjD
1046,eyBKtpndVjy3QdYnOQo6ZzZ5sp5dEsGcS2aiwalcq_RfLvQ
1047,n47r-J0E8Xvv1GM31B8FPIHFYr0iLl0lcz8nHSch49Za-P-HDbFlqEFXgQ
1048,QhP0aDsqOaTcTrH4ZVoUOOulG3nMpkcfyGTB9kU9qRKWBvs
1050,lDuK93uEK5_xo22lWfx_Y1xbKo61p8QLijaci6TQqoff7fs9
1051,K2VBFgBazKePqyHEpDn5SFRlPaPyy85eEPj2ANTt4SyVQ-aL
1052,S6ypnT16mzflv079IrLciBaZCCIVdjaA7xh0DqhclY_6Mfc
1053,zGxIiPifpn_ehjs1iS_jBXiaNayjQELzfRbi383sIm_s-6BV
1054,QqdAE2tGUl-Ib9Rz_P3rqU2fj7A1R7T1rtw9wutmJqEcaQ0
1055,vlN43owTKKL78oUEFWl1kLtt990D3qm2kxJtQzndxGzmazU
1056,SsRimeMxtg5InRjUNgWJHC0Jas87ntcMhoJl-oEIObucQ_0
1057,ge7fnN2M6y-P3OZ50O8sGQiFmqiC8DXtdlj9brlT61yPwQY
1059,2xSSGm-zIm1ZEqQ8cfX-sfb8E-VwBr95aw5ixeqjQzvXMao
1060,n2TGdO4GFl22HUMYJaNcN3DiI4NP0uANi-lFqCwv1dYC-jc
1063,jYB-AhQec0MPpHJIjZK3zVguHRfqKHbK55vPJ_34TPodFX4
1064,ePNZ5iqcLPFlfIw1Ahk82_8QtH8KrPHN1DoCgOf1gRNfPpI
1065,mBp3JJU08ul_U2o4jXGYlRBFq6Hj9X4pyBxEVDwb9HPEr3lU
1066,wPiJBNNCKHNoou9X0pITJJQ9IeRkRIfRtumxHrf3YvuCm0c
1067,iJyr5HDdrnhEKhnTnmUfmOxWgeNFLiPxpfWlYQWc4HBS1Co
1068,QzJivHtVqWR91PcvPaSY0B52HXZY55u-lkgNnD2PJuvYKNQ
1069,KSzEPojhoye9r5Uz4kWdGI9VnFFtgGsMs5_I0MUWikUoE4Q
1070,n0NAEmr3MNs9zVEj7dHeXgj4QRANvstqYJdasiQ8HskTw38
1072,90K8rhlh5fdTalSGUlfjIjAtdkNlW46w0dY0D0Wtd4D-E6U
1073,FGTggeXmeIH_6edj7g_0bmrkAt9Vlb7b4Xi2K0JyJYMsBXo
1074,6ypxbLbWWOMcBNv65pHlrBo98c14wD5woyQKb2uxgUMyz-8
1075,N6ZUSzrZEHgKWlPba9BYq-HaJBjeiiPMmv4weuXoPJNN2os
1077,98ZgQzDGWLivc9mpl8EAmYfSIPg-zwwwd9SbTefcWVwDuTA
1079,cVjb_PkjSvrZ_Gzlo9V8TyZrcqxGMzjlP4IuFP_J8fO9maPH
1081,5ludJsF7GgABSX_sg8qWgSF5hX-yKCoEgcWCO6ur_DfQpm8
1082,G36LdhYacVnk-irXsqmj3lzcln0IkbLDPJlsTVrdt3U2jhI
1083,GYG9fWHxIbJWWosJbDyobYgjC4DbriZcMYZVymh16YEjLxg
1084,qKBpkcVeWONr7PxGVP5Iv2Jfe01BoYq2MbPBsz5DyNZb-D0
1085,InEcF39aon8EKioR_sPZEvcVsVg1HIRjaH9WcMw19yTtYsoS
1086,84ySMv1XmU4vabBpHNtcfaLJNaSPJ2N2U88WLaHGk3q6cWy1
1087,0AN-Hrrswa7qVQg0NsWwqjQ84EO6eQIZmX1VmTBY2A7hmAk
1088,0g0O91Cld7HKqHTg-YR2j1DXIOM9-p_WMcIK_0VyRVtmSGo
1089,QMvXNDWvdj8XuXrUr0kkfK8kIHHzAmKbQrato6L_RPGKddM
1090,17kzGcsAfs9alrL9kbEl73-p7-jJEkWBxLgEzAhIjNmVs20C
1091,7nm2eoJYMRdzYGtK1UyZPvtivJf98XhZQ2UVkTbbJ0UqFoQ
1092,VVviiVhPpq-Na1FezMg9S4IZnKmtFoVZXj1XFr3PZSrqshM
1094,aNF7Oc12NOnl0kiTZq-_zE5Bu7wDSioUj_GcK00QhLC_gkxU
1095,5hLEddb2zWUfRUeS29Umh_xXxhAo9Yp8-IvZ_Qrpnrnu9B7p
1096,1NqdOPytTcJZ1u8_6zDuhYhyBuwLqDHxSXsIfvhFJVgMkSM
1097,OcJN-FT72jZqKeMhyxvutf85dWfYgfmoWcMkZONawnNj2Kc
1098,LW_8j52A2HwPsWpAeIwUpXctSp4NKLa4tsxKQskmsMM30Ks
1099,kLoF8_f54vqxaWk5Os9fNiqMphVrow-uQCV9MwxQA446AEo
1100,Au-Lhed5rTaY-4OBNoDhgn0NDeBswIVpQJ6eIkDOO-JomCE
1101,53HVkeMaxLtAaKe7BZgC8rkmX7joG_7UTr8TfM-tqHSlw-w
1102,1OTUdWmYGp8lNjSVgs4uQ33Yd0h9kdjlLBJxiVXmlQkQCbg
1103,f1i-HTnT-nd-M2s21VuvPmeDetOWeg1hfVcZFS5z6M1lVQk
1104,sSh8RNy0UE6B6PFC6XffGsmD1A6f7bovlSSLn4yunqB-ZO2C
1106,hRg_EDbgxdiqeESB1Ao7yMCNDtHIcHJA1Zlln0YfL4-bGL0
1107,FOoV9bKjCK5x9nkwA93a_xzlYfFNpmtioj8uEMnNvXpBX1c
1108,y2Q-kIlLRYgAEbhPYRhnnWnQCjvmDkSS45yvGi9O6n1e1AJz
1110,jx7VUgpmOka7Vkum8h5XmnA9jVLnxptq5WzTaTXkPpsXJvo
1113,eocmtc84M4QKqLPaq7WAlvlI1R5drpo1EJ3Drn3NIY7M9Ac
1114,4g9wgBR-x8M0cFTx6NLKdk7hk2iWn6IrcVNiEnUFkrLpspjc
1115,YJrRfxKRAP-D5Sgkm2j7uMOfpJx1xzje8TfO5B3WPOD0bjQ
1117,6Acc6daKDznnk8Ve1uYZc07XO3PLU8xIcalMwgczqAzVJgwP
1118,uM-aNptAElYMZxnVzNlbChJZ4Hy4XAIuAytyaD3TnXsQlRk
1119,s1e8jaqDDGHWQS7Nw1zyCGKzB6pBV4K_YUQX1e8RcwLuPbO3
1120,UF8NAZ6W0KqJtEuprLIZdQLqlfyj2D_KnSRu9z7GIHTzLLA
1121,aA8IX6vzo-TJdBeNHN-BGlSt-NC83wqvGh5G8prOKvtXjqg
1122,wSvPNOhbkvsRduwlX3OWknxohD_EH68sjWEav4mS4WZFGMA
1123,1EOVZZURJ4XK7S7OX1X-dJqZgxrx2GoWHEb7lPAPd9scH3Y
1124,5uyLaHF67E_OgLqHHi3m99_141eIygkaEYeicse9-tkUtxs
1126,CRF1FGOiQMd66KEmxqgkpCdrsvHoJ__3DJJAobqFaqNi94w
1127,tvrOoPWSFATHPD2VEQBDq54KWgw-LD0KfrAWtLpDuZk7-aQ
1129,ug3ECgNNZb_lUK6icVZUbrxRogNAOyrRqfNgFleFVhqEkCE
1130,YYYvyQ4-VDkHDD11jfUYXEoEC53q9HlpvWaOY9ZMdpiP1n1l
1131,sDYWF5OnMS-fd3Sbmq-mslJbxmQB64NknFrAHn-aI3t5DmD6
1134,UoOKemQYr14xZCPD7HzPdAOPEZ4bRcHVCq0iEcUfa2x166g
1135,sIBhMGk1biCJ43QrBboPxsIppr5zP8WU0KtfoMPxNj7bMG8
1136,YxArOHsFxA0HcAbU4C08sylX_DjSjOSTORdTNENw98pq54g
1137,Q6X3lizm5hykzDsthZ4gycP70oJ35UC9STDwy_Xxjp_ByhU
1138,nTp269yND4cE4ra5uV0gRH6-7P8CZ1DzJgyWy-pbxRfUybs
1139,Gqp3qoR9fOv-wBS-iNuc7JGWRBBZXzo2IadIu2frw1bDz10
1141,UwCrDQdq42V7IGpxpUrc6e1SXJuI5hXZS5HOWGqy_s_0wno
1142,4wVI7gsXViML3s7MSyBSiImaGfpiYQNsVdut86_7saB8ulk
1143,ehYx2B2MzZDfeAgJVeWcmLQPB9hLj9pcNefwSM-ngi2QLb8
1145,NYcyjQrHfoPnm7OKCwtTMG54aVz-wdGVjpQ4Hd3f3ouJt6w
1146,WADywJJKyObwkGmuZQdCVs_TQdBdTOQA_I6IVBiZJfvdaFt2
1147,CzLUJ6oqHKTs1ddS1YqOw5hJgx_p9-oks0fo_ceJOhipUWE
1148,Hg0g_BV0d3xkEV6JmudJVO8jRYQq6-pq36C-g9yMRKSs5Z0
1149,NEn8RryeeHgKF2jpDsdhtOZV5sVKZqlG8YUAvbcFPQ
1150,rsia9ritojwNYeXqCJ3wgGDasLq1k7mDMK95QEcx1Jpx-Ro
1152,GIttBCQd46z8wW3dApc-XOiyXLpnE8E_emEkMsE6qBWCvZg
1154,VPLtFcZ_cVHMcRoWUEi9C17OuDmwwwrPxqU9AFDDKEEvEbQ
1155,RPXkCucHnoOn3StZBXQMz_mqCln9qCNL-S0pgzTi0DrJIl0
1157,ubs82jvd1oF46AUwfzUB2zgvBF41JPHqDkRebAGj7XowDFs
1158,XeOnGOEdHhcNXwXoj9Hp779VX6UrxFX39zwzsmhg74Pnaxg
1159,Cgrv1rJDtlpNLQux0YF49vOnYrbsnmZwC6O0y9D84Fgz
1160,5n4BPH5hp3B2y0zP9znLt5LOvKuITARz4t1yPtyUw8QvroIc
1162,jtTAbHi9z8OueeYNrP4soWDN1MPIS1VdJGUghXL6Y-vrY0M
1163,k-N60jwxvXJKrQdSJHWbIvitHGJ_B4YHm5T6ZaGjM28BCjo
1164,0xjKUwzAQVdcv_LHNAqsqM9SYSF72SjDISjULpc0ThjqV6s
1165,hQ-yFjWVXwe4BCPZcnU4e-zzE4h7bciLGW7bfOn6AJwxnIc
1166,6tjTezBaccsJ7Vxif-rkRHzFOAVPlf3IwU-ezACrsLPTmws
1167,Bchpd_q-Zssj4JaGkmsw3tiUD7Ux0TWtVhh3f3SJrVK85oY
1169,rZgFStKjGVyWWfoEtPzhST3fDU5i1x7KBdX6HkHgc9rntnc
1170,bif1W_n90PufP20JmLSsWhFfZs5Fs96Z1O8jr05RREgUYws
1172,_wYYTtwusdmvlaKOOiJMnGw9bEOsRsRWSpzXnwBG4iyKZFo
1175,YVY-wN7nSlUXYBwX8kkrq0PljNrsO-RMT0wc6mWj4XPRToJ8
1176,7cBPDZf9BDVcBqS99Zf95sY_Yv0-zjjY0csMk_mkQBOgEoY
1178,xqeoSylgyEemn7OXlE0WgTiYOeBVigWXRdVF-iloWuIKe4vf
1179,Mo5FVDH0GKBDqfNUhhJ4aX3VlwPm6CnlrB8hOmvgpPaqeDg
1180,lUn2KzqmuXiSZL6FG5gdz9w2NfCqFW7amijUwCza_vbl-S8
1181,fwjLZY5_tP03uWNxmF8En7yzArJ1uCiet4AorlB4pSgMemg
1182,Fap13oHIMR7xjCWTu8lStyrwJtgBl9ezI1AzVhUO8nfKkuc
1184,JMjXCrxZ0GbhnnK74kuxeYrqIODL26ZP_TbuMnocdXMU8Z8
1185,7mmljWZkqXOSGpcUvPfCsP57RRLYzpfQS-FZGCY_PyY6ktA
1186,a7NStuHxnJbRGQ0abduh8wmyqbVDOd-kQHr9zFNuNWxkDM0
1187,tdn5LfTc2mV24E9LIBzxZHpik73hG3HJDX--D-Yngekjawg
1188,x0ygYEsT3Dyra6C6UO1Bb5mxRPhFCDli7fJwCOrELiepinI
1189,_UESWD234rOFx3CARqy4BGyWCC6GmRibQP60emqK_pB3KsJr
1190,hoL0wAr_D4xkUpHS51lh4dlFfKFHmwRwGXcZ3DNs95LPvlE
1191,Ok2ou9YpHnStVcsP2tKSl4XMPdHvnnRx4wjgK5ofzR1SGP8
1192,b0dvXHQnDKFYUJBqogrbBMXc_nMoOiuvpoGPSZ7O8B-7aEU
1193,qF4b4dOxp7iK84nM1Bip51LgwQspriHfJZOyjreRlkezWYUl
1194,yldgNBbPz14SpOWMjacgJmhA_94pr9o18lpTfPekmApLYBo
1195,jeQT2yH_YAxxx-q-GCu7sF0Zr1v1TZ2-UsrLz9jA1wb5Okc
1196,dXfEnG59DUsihCz7X3mm8GFzIehRj3ALTvcFwDU6jirfw8c
1197,otO4FJJrF6Ynt9SNx1LqnzYzYJpM_GSECA7OKMYgrEvFGN8
1198,BjBcmFFcDLwhAIMAcVlpK9bHUowJwyAVoC31ZAfbPKQFV0w
1200,L2vlCW8wkS45lu0DhT5Ss_wrn7V5OASSKDP3TiBkdSsBN4U
1202,eLrNEebkG_Nm6rk_AqOUJcYJnR-gn3Gw2XB8iyAB102Km07a
1203,WZ79TsnyUKUNUIaoZl3j81IaJ56sg_eA0ZPSQ3chbX1WjE8
1204,eGSpl81R59M5_ClSGjpj8LsllKFcs4vLQZ05ROnCld28-Lw
1205,sEjAKvRfBI6PjXfRclMzpdbUC_QMqdqaXvPiwA_u5TDx8Ik
1208,g4n3zN_PiAapzdxXUSznSshdlgEcn8LqMc2Bn6y1ClXd3Lk
1210,rwufoV-n5iyTAInQbJio3CIrw53CXscz6BfZabQktyNKB1Y
1212,ahmtqTMMfc4xTdyqCk3op3LhTx072j-onTeQkfzO3XSsl_0
1214,72AqX0sfS_d6isn4Z8OrU51k1yRZfFDXDakOOgRnBykn1xc
1215,sMDMfxk9eVjIbnyemUodsm1hkKhb9BI6ke6lbRL7Ipm9teE
1217,TwRChOBcQc77yfRkD5ySBSRZC-PIiAWakLkf9oftHsr8RwY
1218,GPBftotxNs8qgR7JrlzwICbBXz_U9euQQNeuagdYgklbT3o
1219,WjO79Yz977PBnPWoaeHZ6VfNGdwMXvcGquEfLoWvzbvXhSY
1221,zSZmOyOVt0ehLgNe31ygHLaYm739AM1daY_Nd2-p3lPULrc
1222,mNr9qOrRv_2X-8P7wx7GDTf3g0VmwHwZdWe9UhWi4ycYneS9
1223,kij0P9qvxflc068igDuwXXnp5UXkRxFONOsdR4bkDfd3k0A
1225,49ADxL2wPy6FrcKwYBg-ryc_UGOXAtuxFkhkoG_3cxAbXmFK
1227,a1s4yoKK0_yF1wAGrfUWVTrnjS3uTkhw7n47r6o3XJO5J4vj
1228,5EnGlRHBQS6ibjtTiLIZEbX6IgV3W3iDXzXcqXJItC4oL4sX
1229,xqg7VyRLbuEXXH5lhscwDB_6N_USowY664HlZLy8X7u8Af0
1231,m8p--WFq8oF1WV2yNcEhw4YIckXDL2Sfcpme2qdCbncCk8w
1232,PmMMV6n6oX-MHFOZuww2xrEmcyU1JYIBN_5_L3jNSlplsg8
1233,Ob7dRVTtF-TU_DqPv3Hy87igQCsieDAe2nraoKugr4_ftAA
1234,NMuUTZNc8bW8fzSxNuFedE0DWq-KR9wWUGAyNJhBLuPODcY
1236,jTQy8V8xYQtXk3Lyj3qq5QiCbHn_193P4mW7b0aPmuZQXm0
1237,X_tHY0Zbcp9ieibk-UOXTm8inqcfQAvMMKP6iBzIvruRXYI
1238,ewVzsM5IFSHSz3ETCZsBan34-DsBNn-VuFjuMuimESaS5WE
1239,U5Yfl7-oRQTSdz8LCE2rkIXlKr12CSytP1gRArr10YoaFEzh
1242,hcHx1kst0fV889eFqlDjSJ4v721EoVioxOCQEAUOwk1cHCw
1246,uin6EIIpfwOaE2-zepl5sIE6h4u-uf2n_RD7vDP-vDyhX_th
1248,WjnDAHgJ2x0Ce2v3kOOMXMxpWOiiKssjzYG0qf7NWpuOmdA
1250,rbRsshGAR9rUVs75Ilfvv5PElsDr9MSR0aPfLkhonBRXKMCZ
1251,w-x2q3PqrFm3RfuuV9yCp6alq-QWj0cMOx8604uhdganUf8
1252,MaLvw3uQp13DdBwU6iZrm1GehF3Aw4rMwYpsBRjvbQjznkk
1254,aewevY4LRf8dvc5VrURePqcooYZDyrmE5Fe65ufMDgURKgtt
1255,uk81mcaW5hf3lolSbsnbpSFLybnMZtPA-DYD16zjlR298bg
1256,q3LHC3n5FX8EdNGOwnzi-Jy3jJsgIc9eF4zR47JOEcU
1259,vSCrXwIihu5S58h8MH87pXBkwwpRPIqsvssDPwcq9WSKWa0
1260,jRNWDhEq4jhbGOe1o15UI5DDGdyjeEw9RKeJDBYN6tg8Df4
1261,_BIlNmTS1ofb134fThrmu4uRW6DRZiHcx5KSJBjV2ATDnQg
1264,QAl-xub6FuO6NDM-FGRXZgXUyQMBfdVLJ2jjBbPuZfKR1YA
1266,IoQPJta-HMjyVg1hkl4evPZDdUBUA3ZaijRCqQq3Ho9HFAg
1267,2RT2u2UNDxIK6TY-ZVWxGPlvlxYZ974S23YEN4cQG3cPZm4
1269,Gtxuzzwq4tmyUn4LQ6iPxM0FF4TmSQPqgWvxQ54vZkImz-I
1270,6BJiq-dwCIlYsfxHUESLcdjPXwo2Qaq6LNAU19F6sBEy86k
1271,2cJFCEmIqDH5C8LK_ZiSPNpCZ26COtFU10Q_I8LZzC7B0ts
1272,R5VPK4j1e5SM-fre1aSN45TEtTGcA_3fzaazKqcabZt21TU
1276,QqFqWrhnusb6YRgUGCN5k_qB-kJ3wiFdQ4IdZDZ0ZU10yFmS
1277,6ZXU36kJ87YpNUL3a1ePDaor4wr9ToorZ2pSbrQaAZ5ow5U
1278,mCyim_OI5A2ISqveQ-zIGIe5YXl000IbO8J-AJmHhlYqOko
1281,cysIZ6ZkQGIqomyd6Kh80TvJ9M00WkDR7oZSKPrlpxbdsm4
1283,uUaTOkdFxpomGGrGfPyamBmmR8eGwip0WiaWjTLndSs-8Ps
1284,pClyibWLCnS2NBRw7fqOrV_INft45OI-YonBgpY7YRU9E4k
1286,sKAdtlj7qej3oErCJOnIgFrHS0ojWpi7dfZpOMXgvSFeotI
1287,S6Yh2y_zJVZntF0Cg0Ewh6pvICpcQPPpJuKtYFls6sZcdzo
1289,azwbJ20aMTwksjHngEFt2nWCMYqsPGHf5KsvNyWc1MGrtG0
1290,EtH5W93Oh6nS3x38aqL3b3Ze5UpZ60QMl6EzDL5qimewKQg
1294,RD_U9M7ZOvgoJeOvmtkt8jKiPywfpksdoGS54HWnSvdxW7M
1295,5ROeB2RSZE6qEz8xMWzSXnnwBXwf8yBUCtC0uEBZ9Q8
1296,og1gsCwHZeVSRStpKTbvYoOzLYfrvxFTYZxUKZ32gfBcxSM
1297,PQGTzs8_yK1yrx8wRdspBbPc92FR-5PeQ5U2f2qpWpJmv8ug
1299,aIE14DGfj9lusi8gaTTAhowueM3gmXmrO5Yi6bRgXqlwW9s
1300,YYkloKkR26xq9626bB6B9ShBY4Z6DIuTsBgRomT5grtMj5Q
1301,DCj8fFbCOMmP2L0Lk_h2-IDku0n8q3LCr6GrptJpE7QebsI
1302,m3T3ec852yTOo3RqpHDlb0tghvkPeM-eh8JBKQafsM_0u3U
1303,ma5dPSx56os-NvkuejODiZaLfSMDDyEDcbtIxhHJX344amg
1304,WxppniftHF2FN4TqG2EtpnqnMOGCS691fsw52x6A9uDPf8s
1306,IvNGAOqXpy50RAuzcp1lLT2KwDHWV9eCptHTtHnXG4XGvvw
1308,5Kwq1J8gUPzFx-bS4X9lAFahJajjxBNFUKNa6a_vnn-NqTg
1310,#NAME?
1311,Uj6HYWwDs3DCuD5ZNlupl5DtMBv0j33UENwbvKJY3YsOyQSl
1315,glr-9KIp4hN-KyEa6s27i9x3qVQLV1CnQRajqrwabq4z554
1316,KGDSTnBQXRqrjIrCZ4H2H7R6ewGw-le67liY3kTyV27m2WY
1317,HQe8WktQIEG9NhO6OaRVBGtVaSeP9TVqCJsdUY4DPld-zM1s
1318,1O6xEZH_JwF1qx90dLT8a9_PWchOLIwWGbkSINUwDh6vZZI
1319,5frmBXA3XqCW8Xvu2Q0f_WvLCzjuamRpJriu7SAKsjd2avc
1320,22Ci_e9ywpupa7RAeuJdAAZr9mNMi2df_im7ym47iUu18yw
1322,DywAiMm-om7qGUVxVlGki1YYFQuBVmPyrls_y7uZYgRaQ2nq
1326,CxDr7YeaXE2HrtG5bs6H6XV40x40MwaFgZVx2YOgVofHPps
1330,sXWkBJe30JR9hecUTiUVaV5uiT2IQUBCNMkkdPTJ26yJI_A
1331,FRfs2dt0n0aX0yuuHn01eZGh8ud5ykKeZQgFsfxNTPs
1332,NShHBx_8HpenwwfMc6cIjd4xlsrq78L-gT1KV04kggUfz08
1333,AO6BJi8HWbvADMv3alAah-U_XQgIqbvW3m4b63nzRbhktXE
1335,qVtBTL2e38UxtA5ZnaTc7a2IKfOg87HIkNIXl3CQMf-0ssA
1338,3KGjvqML5Le3b-d4qKOHshqOEXhpKNXyeFnUbheE90whs74
1339,ceHx86A7E_N7bbJ5-dAMuUBtngiCQu-Vc2e0K7PfUA3zSS8
1342,Bft4PmlixQOpjnRmChDI2AcIdg6D3uUXpSl2MwItOJ_Tptan
1343,825CyzVCwLG4IkgMVRRRngnTN1RSrWJKww3x9uJFTL1VfO4
1346,VfDbH7iRM6S1IaKXNQivkoSSURtMW3wqLiqq5F5V59Aq9Hkt
1347,2nHVlNzJoBeiyfqEJKTnOdXSqs5vGtaYi6mjSHL0vd11p3M
1348,QZVJRmXwQAOG6OmD6hHtddCNfI8A-wsx6RzqkBfCmLOnd19A
1349,k2h24yxzlBpoADAvAmnDn4j_nlF3bkdHXo7d-PsiHWKXqVAp
1350,8IcyeAXOnLw8wxzvAyaFLwmasKYBtsyiSbEFCb5eQjSkc8g
1351,QPCNbRjHb1hQY05Dp-kLzItKVnM5D0v6fWrqTnfjhoAbeZg
1352,1sBIcyLSI9hDbyVV8dHTpIEfA7S6p4hxtLZK3jdxWdpT5jk
1353,zJIfIzZ4Rea7P2zp52gNbObP5DIYr0mNQ5BWSpgZDSDtL8g
1356,eLJJfmPyGN_qE7GRFrDWQQUQVUNrnhdzuhtGTSEMD1EewuY
1357,-9nQZcFYb7xoyMscr2dLoKOi8OCVsegXkY14xXXAy4Z844M
1361,Dri_aD5DFiZ9IT_-d6UuGXWgUgs_j-pADTVoV6GCZw
1363,0HFSq6n2fDp2PD5DoRN7exUKMdAZEhDjVtawmrOk12Ebj06V
1365,DQ-DVQTE72qUP4S7B0e3ylv9rPfvJoRorGf-0UZw9zuLcm4
1366,nehzB3wS3_Oik5qXAXUjiitJA-86_qxZhYMcAcFlqmgLA8k
1369,5kVxZjaUY_5AY_LxyqcJ_Hl9J9vQ-YVnHaECax-7N8QIfz8
1370,4nn7Of8jAXU1FR7iOu6tYCjJ1vUBVqEzl7OfgSvyCOHNhkE
1371,TBv7FZ6UQDnYWQYnNr3grAFAWlXF0xPno5pNCbVhgAzNVuE
1373,7Q9lprMpSBcFYltbKRlYQiCEgm3Dp10envGZWMi_gc4Trtqz
1375,2V0h-KKYorQ99znzN_bJpltwXx_5kUSVJcCJZ6ZLjypyAKVa
1376,oYNlVP73SjFe9ZeCKK4uztJKNQD-dx-sciHAojTNJ-ZGkKlE
1377,-5K5HjkkoQNsZZSzFU99F6LFPlgLWCUqfh_QilCAdROIdPo
1378,uPnCaBP6rSue-x7DJ0Kh8FNhxi9miK3TLjry8kO3mxX1JLA
1380,WzWw8bLDm5XjF3dRPowToW4lKTRjvXaD7vh43rvcEhgD24Y
1382,K55H4NRdSUjUJa-7maM28R4j6t7t0-egu5WAGZgYOgPB
1383,7rfVB1ErycDUfUJB0Y2GS9lIxpCA82REDwW8bavtqM2eAPI
1384,D5knWg1aFn1KFiWpJpr2a0TAa0rN_LNfFxOwtZLN_EjfFYI
1385,1P-bMJEByS8v5LpSAa-oPWytNik1gDXXYmK_8dEybnpus8fp
1386,KVhkJbVy-OrR-9GeH4wZydGwxjX5EveU9G5NOfpCqE5Q0-Y
1387,qjNFWSWtmgrG2W6sc4Ewc44rc85_WAmM2vrJHcCX76ChhhJd
1389,vD5fHppvxkTvjuUzkPE6VkLRIrwy1W74HGHGQL9K9aRxrXI
1390,AfqYhlVC3ZdEbyY2Ym1_HR87jgtCl_x70SgCyiPDtQSzVok
1394,PLsjdXNZvbGjNAdcAdAXctQrjZIRzr42ZU4BSUlhGBWU--U
1395,ZkVDzwuicOcmqVoyAmm-x7QB-FkxsKafeIlw2BzbRk40Q8Y
1396,KxGMIofs2tQV3CrIx6UokfvFc_JCYbeAJUlzY3J9B8aWojY0
1401,HnQ-Wl4b3uLcgklHQY1819BC6j2aoAZ-rrAGrDY-nQq0vtiY
1402,nifav4hqL2ZvfIO0pqWhRt3XAayMU_xT7NmmAkBf8o1tVro
1403,XwBFWpKoqPIqr1HkKhomhRfW11uOOvzyBvNXVx4wDjCecjV8
1404,TgzoRnej8Fm7KDXd6G-xTxe1HHbLTOdz3UWaaqUycrSpBkBm
1405,9T1WzNDkGvsqyZfJICN8eWa8AXFC_W8oSs2plJcPaNsurBw
1406,6vL2NtvAYFgdo37sX7Nf-Nfrky8Rp8zbgcnQX2aRgFQSgJs
1407,xPBS43R1LrFvOjJfbZH5eDtHINwmFI0B95TvaQvaTqRBfms
1409,O17xlFYZCmaSLW93vxuMqZplo1u_QinZyRTUuZ-ctz80jdc
1411,KarNdXx5gQrl1Rc7fEe1lI-s9XjlaZgI2k27tDjgjd0tJco
1412,sVQbzFtJQj-EQxzc7yXKhVT1hoKQ7NBn6EdxxbSE7sPRnpQ
1413,bqieK0DyltmIkQjlCTLCM2wi70nbi2Juola96FBZ7GyxHDs
1414,C5DnKBdaOBjcpsj4Chn46QnaKO8OYAt7PwZH66aEui9BnfY
1415,tfoc57EmD3bF9ivtcVDWfj8PcFEVLHWqEm9NT7K0sxsKdxM
1417,ub1wrU_3WURVjTXSEshTxeZHs6RbtMy9-nlSwB2K5pUvI6M
1418,QNpwsaqZx1VfrZctzcwmFv6mVeg8Rn5iJjHT3-KE3wBbA5MX
1419,PCmtC2tMD8RCUMXhOJloGwg1KENei2OhvyGNIbAEf96cUjk
1420,6UhaPJh9VIvOfOyLiay7NKDxtSy37Sj36zRXtkfIPM36vHtV
1423,unffldSjlT-nU-Rw1azFj3wJAsH50qpjxDYSNwUEGyow-88
1427,SmgMV4QCnJTDfveIH5MEx0iW5zH3ilGwONVnkC8bkywHUPs
1429,HnjA3P6BBiaPZRTSHgJXhw8MBZzN0EYkjsDMSTcnvdsuxkbt
1430,UuQiNCwsL41zAGjw451pvDimUpkGHSl1uOmS52lpo-MG85XQ
1432,DcSy1jmWAfvb2jomAZpN7GviQl9a4ypHT9_Lyxjtrs_VZ38
1433,#NAME?
1434,e_oaestvsCbYZOvZyD2RPZyFCDgVLX4_IHj7OJA1DRFhlD0
1435,#NAME?
1436,sSy-cc3h-mtGJiNm_TCl1rwYZuvp8lXw2LY9gW1rJALT68k
1441,ES5g72Ma3XKACuY3f3oDN2mNO7nNi2Hsi0l_BbzBIYr7Xuk
1444,HN07rP5zxa__7UlYV-MwzMLJRlbB2P2Jz_nxRsem8bdzZfc
1447,SaWJjVa8uRc-CEAgMngH65SHKvt0YrehcWAhKXjB79Pd-IE
1448,XedQSt24RsjPXBeQaEz2aWggloivDLdwL_vfAxMxenTe7Uo
1449,pDPgInP9XQ3kcCxl0L3jHNRGcHsKG1TpnndyHORxDCS056whOHZilMO1Uw
1450,etvoMdh1BjsM0Bd1A9Ny6agRBiazHfpJ4jRlwqW76bA28_A
1451,JCJPNqX82Nkqxl3mXNPccBNMjQVteGn6eGRz_ShioAU5YE0
1452,0IDKW89v7Ags9DF5C9k2iccBPjCIqJ5lkYsar34ZSiuUmrw
1453,rBjDEGFEQdDSNA21i-nyecrza36R0HiV0-90JlckAzRcFv0
1454,nF56MtzO7zYSh_OvZefijw6sV0VsA8zuX57xka1RC554cz4
1455,xhCTJ58x65L9WgqQmo6ywYisLu_d06PT4teYDGaxeC83c9qX
1457,THUVu2lh1oD0U69Q01E_xEmglvsjL1pZOts8BHIivt6vVFs
1458,1GEMb-FTV9TeEOx5aD2YxaA4_KpFb-N7r5xBTTTnhkgeuqURvhxhMMFeJQ
1459,_MR_7DvyfZbuanMqVSioULYyFPcLA172J7sDarJuYJYfR-Q
1461,ZI_cfXvxqhHcn6wA0fuAWtT8I57fLnyuC_8FdKeXAhNHXGs
1463,AQFNh5WdL3RFDp-E-bztCALshzaJxfB32YUEKiLeAoe3Nes
1464,4LPK8MMAZmr3Ja1BwjG5iiGmk8zl_S9Yp4RYeqIakUH273ju
1465,f0QRY2qVifS3yvG_ZNUqyGX4UeGjDnn7SWrWHiWyj14T9wg
1466,V93zUFV2tKsLv9HYzdJTUSfmFhRuaXxn96yT8ISph-9HLPs
1467,ATXTGhWh27-SvTixLUu8MnuSxYAxCmqvZV4X9hhknoZzjSw
1470,DH0mGHbavotEOvDvIy7jl44QibwLofApNvQP-l2oWgKsCuI
1472,Rph275y6zYvH-Vzeql538UQGU4iG90AzTcdOsWW8K-cymPI
1474,7z68F-vc2ZTjQcGN9JqRtvkC7ThxHhEirk0SB97N55uReqA
1475,xRtBHgKHm_iHLIfQa0DCWX8CGuuEMuafxMPr2gG0M6CHyF8
1478,2Y4QjPr0i0e3z5LjMRVHJAAx8Bh_ldvKzkVBytR7yggN-b8
1479,mhUCY59sWpuWy7X9osWWtLTWborxXxiiCP-BLQ8_ddHbSc0
1480,mVyhAvfbzPbGUl2hiK9jbV6Znj39lGhmV33VCdO6gzhl
1481,rAi8CWkM_Ye7UR_nHpY55aisQk6B-56pMr99HcmwfmbpowQ
1483,s-LvZxg3h_wuouatvGJUImzFnT3gnV6hUfeGs1ckRpKAuIU
1484,4qkPg6w41K8P2FaPfmiWJPTkA6a251LqxjQNigsMtMkmcLw
1485,Vj352Qqgz3lwRe4sxMdfG9JIbWIF6B7oiuti7MdLUtxJTsU6
1487,RvYYuGAWw_5IsTXS8uRlbqjBXDgEU_cKXmKPagWINm1a_vQ
1488,t2GhcmuRBcCMUInRsWjzKSXQhfsRwcQZ0LhF6JHwRwOECxEW
1489,3uv8hqpTg5QaUfVoPUVou4qYzwq3UmhOSO-76iIcfukPVU8
1490,U1UudkY8d1gwLg4s5rUg0pM2BksYLxzbCG_kLR-GBg
1492,1CCcm88jiOv8gJ9g1OOeH_cBfVQP715Jxex_YRyNvfwI1-w
1494,EnEJ_DfFly7rZRrA-a5y19ZaVfuykwIFgNHKZ48cMMijXRw
1497,o2Wg5hnYKKjRGcU_zyasNbTcZNJ8SuApSHOAECjAAOQ0TU4
1498,uwcmqvRWwu3PmqQdSY_h9dbB2jdQ_LKhkaXxfLHm4biAJWY
1499,GJ3Oclu1ZVU8GQHiLHrA76Nypsg96HVhWCuwiXGNdtdcZg0
1500,ysgRV24TsYwwc0rkr_W8nUSlcq0u2yri1X5bsBVJ30HCLOM
1501,gwy63CUcUy3vTHgEuM-Fx2M7uBEp9dnRmc0tnxcP4ODK4K4
1504,tg3GQnjzNG41U49VB5_UVJhBAloFVtz9-OLG65uJG-hVurA
1505,H2tlm1Jseib9gSuKvZjUsmy1Z-0-1uwweDYgwLXyHqqHiDE
1506,BF6MEK72tdj67tx7ctnahxy3hYl4CqMpDtRSmWr3Tl4An2c
1509,4y5RB3U-mLtt0svdBKJfuzRGm9hzv4iWAkH_VU4G5Y1jA1j5
1510,u8n0JBp08UfEJ9qIWa0sYVb9K4N9Rd7w5-T8YMnUzccv
1512,d1TIWuWQEPlkdg907euRIkf246CmtHA0KwKAq2TcY2UQJV0
1513,#NAME?
1514,7zOyjgMwayFlIi1sPsO1kRGYz-obXpT2foancLtpOU1L8qw
1516,0zZOrD8QLD3G3xrLtgxP04ZOvIz4BVIItY2igPXcO4xwnMg
1517,CTwo4xz_GXre6CI3LLGhNUOaEG5j-nqGNjE0Aq41clPsv2U
1518,DP8A08sQyH-oIkx6-agT-YJgvIdIbuIP7HdBiXK2t62N
1519,m-mlU_QW-AgIus3xpHgd97rWGAnIudpCB7tq7anyGkRL6_o
1521,x627qHERU5FMphBFKCIIe9LOIm1pD4KD4LtjWfeGG_mPswsf
1522,prK9IgEanxG-KL1wtj6gfurMGRcoSPbzBraeF7DVCuP5dpQ
1527,X18artoOry3VMkKWa-tYE2xmyP9ZvcyOJI1NklDRMDWZ4YLh
1530,Yx9YASZoGEU2g9hvNQ42-Z-326PkAMqnAhyzMNF5p2YZ6sj7
1532,B7ET2RAfvDvwTPegNxrDJh8BwfBsSdLPCPB-nGPfEPi5u2g
1533,6207aQP-4R3GDlyYg8OK18zfhSs3E6gakAkaWFsDsdeYsw0
1534,Iiwgg3yYBc-qNZu9-MBUp9PAlj1TcZ1_UbSGyB2bGTl5-udk
1537,4hncePvlEMTXA1kfGrJqS6EIFcBqNThBaPa-fg5r1B05Z2s-
1538,MryXDMcbcULFAZa9dhjL19g_iDewik2ZyCqctr69XGm3N2o
1539,_89BqHMkjCyuLuPzKOlWOv51rxT9pGYcbmlzvEnDv2tur18
1540,5etdySO2WGBbi_kSq0i6bKqyPxcS3nhA_se6PlM2T6GyHiw
1541,qDoDpAbNh4qCqYUlTI-KspWBt3fqFyvR-hxgwYBXpSJaOws
1543,-1_tQiVlyQKaODe-s1n47ApmBf5NlyqFVWKQZHUBT5vMzYr6
1544,T1a_dBd40ylqKU0lcSo_A1tchKyLD-ibCmxxQhM2CD0ERjw
1545,nbqkZvSHfJf8rmRZPaTsmIOAmBrAEK1yo_4QX0_MRO0xlrk
1546,zd8mGzjYK9meTk6RDrX-zJSbMSJrirQ7J3w6Jv_a5xs3
1547,Dbx2hME8WgMkuyS2EbCTz85Bdq5lE3Qme6i2UJCfJLCcj7Q
1548,erFvTCBmwVKjPKtqfm4tpsTVScDDgka3xgPhqa2ypT8
1549,4nXulNeYPw_mmwjxQEcyJB9gqiqEBPC5cNM9gNHO_5FrRZI
1550,T_zpabEV_fLv_CODE7uvM6EDqSIqywhaLKEsBK464imARhE
1552,k4w_L-QDaBf4hPJ1XinCVYNuUU5rlgYRykCL-1VJ4fHsUnQ
1553,c4GXA3T0e8M8zI2ts9_vHk1AfoM08NXXSQsnQHy9fuji
1556,hsz0DhWmpaq3lPExy5xdwQavRB-tkVs6Wdt6ZUypjmOC688
1558,SpkPvMfJre1bEO-u6MmLUblJ5LHUj78wFUS81Mir9akK_GA
1561,2PrxeAHqyfXeDQioava_sw8LcwQvjJNAV0yXhUnA2QXs7L-I
1562,EsGmfLX3nvUa5S8wN5GOauJjkOik0SuTsKpo5XZkT5KvT8I
1564,D9dwBwIp4ecs5BOaDVBOwzuBgdwst5NfOP2qbDssOfn6_T0
1565,gSHLr7vxQaT7oxzakZc1Hz8uFworZOMYIFgIDqGVubDwOYo
1566,UXf8BkEYfCmUp_WrLX7FzaiXJS3b5CWJF74aB1iTHTfP
1567,Uq_fTUNHj_9r7J1NDL1gloaNkaLUv93tZuACeHoY29XhhRI
1569,67LHlR58bY8uiinOh_5G-TwzBQFVAM9neO_pFOadw3HFIcY
1570,qpsaO5xatcO-caUT-o6rFCAd5k_LEHWoxC-KM3NLkVOp-EMU
1572,m7aWDRn_TJApiZEGV29lTzc-zXXPVq677ChC5lLgb7KH6Mk
1573,J4bhHi28IuJhB2sjHuFaFWnv3eAFsEV2MWRl2_j8zMZe2yc
1574,xXBf3fchlMzXszvCDlTjZVdCtwdgK1QhcLHTY_FuXw-OwSw
1575,qT3wi7lylOyGNfW6--BlvF0BJ7YEXsYuv40ZiLywtH-1cxs
1576,PTC7IDXrHsXZq_8I5ogbkmJKGLTwR4IbWOcd7JnkZTEy-t0
1578,veBfrM_EsTmi0BY_InoTlco4T3b38W7c62SbY9v6nvq0gSo
1579,q6ohJoFIkd8cGulmIpb2hYexKerSWrGEWyNNw4yrjzFljX0
1580,SsXgowDR9_lJNK1GUAgI7uOTaQ7fyPMPZg8gh45g7IIioGQ
1581,ASIi3aJXzGERRAuNQIR3FbS2l4l0lKFA6fxzLNNvyXEVppc
1583,RyZ3FxYWAjYk_8dwzmoaOYuO4qwolzhpOu9DISpLpC64dfs
1584,ghmm-NJHCq6L5Bdszycwpe6FvAZ7PbRJOlL1Nq-tYQGEs7RO
1585,ruL9TOColhJh67oPtG1ngvAaEFDAL03MHl-Fc9nitcgeABU
1586,o42ghb4bHiI34OrXbZY43SZD1cB1Jo-753gkFMgOIitN1Hk
1587,jpPQ8fz_s1SA0V7rzD6xS_HXyQagS-lWooU9EIY9l_M1hpc
1589,20C94IdV5leJ9bxHeAz4SamJ0GVx1KO84aZ-hhaF1J3tGpgm
1593,KW3a4tITJB0XGe1rAHf47EHpauS-XOkxzemCko5vi2jwdM4
1594,KoHxDK-KBdSyFqjl-sOC6LX-ZmN8VzWFccpERtPjsR3xQno_
1595,Q_hp3pEASdRQFIPXgS6Kh_-L_3RMuuuVPzn4RNzmnMy8H04
1596,lHf0jR0llibaMcv9ZfsTnXbiFg5ljsDcvHgG48mnT-wfpkE
1597,4I7S1WMR11Sz3JfKXIbN1LSpkVUpTi6L96-mcYkv4omeNNCg
1598,0gJP5DLI-2Q3qYcTVrcX91NgCcQ3qENZGVBzbEglr4ip9zY
1599,CeacZtd23x8AMaT-SV5WIMZAahSpf_7G7SGQQpJD_I7IO6A
1600,9095mkH7twMu9KeBatgJoAmon5n4jw-U-EJuqCqum0zXbtc
1601,e_wJt7VyIsdQ30cfhvv9ZZKO3ecedUk8idrnidyQf60SPbgC
1602,vVa2jWo28FyEF2VN9YsBnth7-_imvhs5tX8XiOChPkpjtSw
1604,mZNjVae2AKiA10VDVW2s6cdoxJbLW2s8zg-RK-2UM1jKCZ8
1605,0saKc2NY8WqxsWXI-fzHoxGPfNAm61axAvbJADU3lTXVLt8
1607,RsxacRliQKD-BCzUSyP56C1A3xmQGFNPREbeC9-OqedovOEZ
1610,2dEOQLUViyNWZLBGv-UkKFp1pqW-Hwj553WxDaZ3z-moLrQz
1612,JEQdtKQheIHiU7Qd2qzmRlhCfGXywMsYgIAWApBXjd81Tyo
1613,8jCGGZmsYN_z1V77XhTXHvlI72x2cmkks_0R2-dvDNs1vhk
1615,_wE2HLUD82eSaPoARS92curZTL8krII3ktYnTybH7TcmnEU
1616,uWfGA0lQ3xZj5fU5O0_DADPlRQPcLkBSKZtUyxoaOEhTqj0
1617,C_nrVU338aqgmYqb_Gr0Q0umCzlHJwOCZJkwYjIJ151R3fk
1618,ntKd4VIHqGZeYHnYK0G8yg50r1SnEGpz2U_RjofdRTNhxsA
1619,_dVDhJFAjmiGF3bLOQKvLUseQ1MLBk8VGQtXu1_Zqm7uyQ8
1620,IJk-WPRn-qNPPO7IUJ-KyuIDV6bmw-3ccuh4uk_6zFefZUQ
1623,0hqU0HBQSTpp9E7JdYl5gIqEIBNSX-t6NHGeAmlXYsvr1XMx
1625,HtU8DKp90pQMROP2F1TnwGOnCoVKv6N4QgPyGDkDzGbL1Hg
1626,kcTXq7o5stu9Qg71b4JdJYxHHlHkpXOq7j1dvBkg_7x6RYQ
1627,xWhWxAr2-F-z1y_vwaFEvZO-1xNH6cnL8xYaRXyAzwpDzmA
1628,qwC8hgYpLGQPPrbCQub3pXR2GgC0fsR9auDUJ2xqycMWSjhF
1629,__J9IyV2p3RBejV5LL8BjCARF0czqVoGvwh_VHPy8Hmir9OK
1630,EkEya2WJVlfIJrFAZCfbj1YMTq9ZhY6C8-8fO3z0VQ667M8
1631,pxyVCctysOzfydcbLsvBwM72MhkNVdQBBGVoQnbbPuAlUiY
1632,FSMC3mJNW7HdncqHJFNeDJdfl2ww0af4UbEAxg13_Xmp-60
1633,oAQiGh8VACnYRX0i5E6kiiz0m__s18Ta8KJtUMeTS_hWwGc
1634,PzgVF-lzqjXAFYgIHgY0ZTEpGPvpP0HFsljcpxe3HD7-SsM
1636,UOvSeGO68AVo61F-LxNX4RbNTpgrZ9ztmlUf1x1PQkrHNGQ
1637,q97KinDo2dx5-8wb2lVnrNU6FybZXQ6L16qdmNKo6pf2yYI
1638,CYCakdNCDTPqY8B4H0p8RMMX4EddABVuTopPkYHubB6WuFt9
1639,Hr6_ePYwjHVbkkxTWVu8Hu1pb2M959xNK8kX-mzj9FEhBZc
1641,uqecEB3dICU2SbCCaLEMOsmsd_4drbiCEdHMz6qI_vVZYbg
1642,MxW5htL1htAOOq-RTNSAVs4QwdRuYZuaiWRJ0Seo_XAJ_BA
1643,U68x_Bds830Ta2iiMDgCf6T9SlVNDhCDZL1grdlrf7_aJozz
1644,jfUMy1_Fu2E7FL11SrGjtxMAoRWyqCT26nqZ69usKroOvtIq
1645,nvfcLZDtqFUQFCmQQpFFKQZNZ5gvPujOFgBRs24oxLS7nYA
1646,v6q7LqeBIdaDdNXo1JHsYnO64MV1v6gqdPI7gwJ1BwzWnKML
1647,pK0XDzr8_Xh8ciZcfS9n2Ji0Ffmf-U0ZFtD997g1IOdkb3c
1649,9xuSRLpWA_QXyW6qHxk8wuzLtbGsHrvbuy1yOJvdSM1GZuuB
1651,CZXOuke5qRhBK40lCPtmfnxb9xeb6t3qKJhhxnw3C6uKErM
1652,pE0Q8uEoITWyHuYmxxaJtUYrbiDpRfgjemMJPF6RSfIYE_I
1653,3Nve1qvH_D4-GhxQ1iLTBvALFb2hns8Ej1R9IHSdXceU33au
1655,xdXFbY2JKi27QhRqA-4Bu8paIF6Ne2FtleBj_StohTU1oWs
1656,UYqXmV2YJjI8UBLcIZyZJXSlVNwVcT6PLj9P_T9H3yddito
1657,6L7BNeJ5DAk8Z2ci1sq-xi5G2pLR4MGN3Z1J-JRbh5QR43kA
1658,BiAKYxdDi8KK7oGNjSptbo9w34bL9tKdvWp4jlpru2RGC7A
1659,mpinMJX44cKqZUlkX87sME7vXHH6EA8kw1aUcDUVPe_mSqo
1661,HV75EDBZhYU0cwqK5Z4G_r6D5j13C1ex1ADSfOUebvo3W1lg
1662,tMdldvZG3s_oXpOldaHmnPoU-SZGUNF-4E8YQ4Mf31g6
1663,jvg40tARFH7nMDfkmuM5uc6BnxWQG51NjyVUhL4iFOeOVVc
1664,hsos_c_CDNCoAwm-bU3gHIGEp4xc0Ejkm2j7jhscTFnC7dk
1665,TWG6ph-kvnFmm7h6VSxjH7pfnnc2d0VQdAMzmYsWPueAjFw
1666,upWpYAQFSQDFSOtjZU1BQMt5ouEEWRl3rOCThDOa5a2woLU
1667,zOHa79qPczu6yVLBxYwLn-17GVz4a2YJTEvM6nrZviWrsPM
1668,vx1AgU64A1IsWLRYFc02Tzj1HigDsY7S4ygs_Bc_vPsKPN8
1669,ZMVLbMqHx0-dGfwKNNaSotpWRPCpbFCLhztET_SfUMay
1670,B3LeE6WEuAsJKeENSGnjSxrYEyHwAQy3DvpPdQJaXiTSo48
1671,LX_DVx9nIK1aiaJ8zpepOWcdbEKH8zHhrLPUYt2Qjqj0AAA
1672,wHNRQVyMvBC222e9xD_mgR8xok4UZzJ0feArsqIVejxJze8
